30-04-2026-11-50,c,"ce1-3,5,15",15,7,4,3,0.40068602561950684,404.2600149505404,/
31-08-2026-11-32,c,"ce3-2,3,15",15,4,2,4,2.54396915435791,1.6518800258636475,0.14752578735351562,414.0915332818249,/
31-08-2026-11-49,c,"ce3-2,3,15",15,4,2,4,2.503476142883301,1.5363919734954834,0.14573097229003906,414.0915332818249,/
31-08-2026-11-51,c,"ce3-2,3,15",15,4,2,4,2.4909141063690186,1.5299851894378662,0.1433579921722412,414.0915332818249,/
31-08-2026-11-53,c,"ci4-6,4,15",15,9,5,3,4.032466888427734,1.6195828914642334,1.608738899230957,359.1664818225172,/
31-08-2026-11-55,c,"ci4-6,4,15",15,9,5,3,4.05391001701355,1.701704978942871,1.6039719581604004,359.1664818225172,/
31-08-2026-11-56,c,"cg5-6,4,15",15,9,5,3,6.168250799179077,1.5465269088745117,3.790315866470337,359.7985953342432,/
31-08-2026-13-11,c,"cg5-3,5,15",15,7,4,3,5.929382085800171,1.5913589000701904,3.6133360862731934,328.3582382285674,/
31-08-2026-13-29,c,"cg5-3,5,15",15,7,4,3,6.081350088119507,1.654689073562622,3.6185359954833984,328.3582382285674,/
31-08-2026-13-32,c,"cg5-3,5,15",15,7,4,3,5.980798006057739,1.573861837387085,3.604222059249878,328.3582382285674,/
31-08-2026-13-36,c,"cg5-3,5,15",15,7,4,3,5.890069961547852,1.5406479835510254,3.519318103790283,328.3582382285674,/
31-08-2026-13-47,c,"cg5-3,5,15",15,7,4,3,5.841516017913818,1.541490077972412,3.5668911933898926,328.3582382285674,/
31-08-2026-13-51,c,"cg5-3,5,15",15,7,4,3,6.421576023101807,1.8269929885864258,3.6723978519439697,328.3582382285674,/
31-08-2026-13-53,c,"cg5-3,5,15",15,7,4,3,6.154385805130005,1.667937994003296,3.7026479244232178,328.3582382285674,/
31-08-2026-14-03,c,"cg5-3,5,15",15,7,4,3,6.596250057220459,1.6897711753845215,3.9669628143310547,328.3582382285674,/
31-08-2026-14-04,c,"cg5-3,5,15",15,7,4,3,5.946630001068115,1.5669398307800293,3.6195218563079834,328.3582382285674,/
31-08-2026-14-05,c,"cg5-3,5,15",15,7,4,3,6.129110097885132,1.7267429828643799,3.6258859634399414,328.3582382285674,/
31-08-2026-14-07,c,"cg5-3,5,15",15,7,4,3,6.171128988265991,1.64137601852417,3.647933006286621,328.3582382285674,/
31-08-2026-14-09,c,"cg5-3,5,15",15,7,4,3,6.096096992492676,1.6985230445861816,3.636098861694336,328.3582382285674,/
31-08-2026-14-09,c,"cg5-3,5,15",15,7,4,3,6.0884130001068115,1.6891570091247559,3.6348588466644287,328.3582382285674,/
31-08-2026-14-09,c,"cg5-3,5,15",15,7,4,3,6.140967130661011,1.708158016204834,3.660668134689331,328.3582382285674,/
31-08-2026-14-10,c,"cg5-3,5,15",15,7,4,3,6.149767875671387,1.7263429164886475,3.6613550186157227,328.3582382285674,/
31-08-2026-14-11,c,"cg5-3,5,15",15,7,4,3,6.015285015106201,1.6865839958190918,3.5616559982299805,328.3582382285674,/
31-08-2026-14-14,c,"cg5-3,5,15",15,7,4,3,5.958547115325928,1.5717849731445312,3.541465997695923,328.3582382285674,/
31-08-2026-14-15,c,"cg5-3,5,15",15,7,4,3,6.027416944503784,1.6993498802185059,3.577204942703247,328.3582382285674,/
31-08-2026-14-16,c,"cg5-3,5,15",15,7,4,3,6.091030836105347,1.7086830139160156,3.6005280017852783,328.3582382285674,/
31-08-2026-14-20,c,"cg5-3,5,15",15,7,4,3,6.146285057067871,1.7078630924224854,3.647480010986328,328.3582382285674,/
31-08-2026-14-40,c,"cg5-3,5,15",15,7,4,3,6.068873882293701,1.6523079872131348,3.5438649654388428,328.3582382285674,/
31-08-2026-14-47,c,"cg5-3,5,15",15,7,4,3,6.105020999908447,1.7359180450439453,3.6211490631103516,328.3582382285674,/
31-08-2026-16-38,c,"cg5-3,5,15",15,7,4,3,6.1355109214782715,1.6904239654541016,3.6249051094055176,328.3582382285674,/
31-08-2026-17-02,c,"cg5-3,5,15",15,7,4,3,5.7594568729400635,1.4987130165100098,3.460041046142578,328.3582382285674,/
31-08-2026-17-02,c,"cg5-3,5,15",15,7,4,3,5.846834897994995,1.6168830394744873,3.4999759197235107,328.3582382285674,/
31-08-2026-17-04,c,"cg5-3,5,15",15,7,4,3,5.864665985107422,1.5653438568115234,3.4930009841918945,328.3582382285674,/
31-08-2026-17-09,c,"cg5-3,5,15",15,7,4,3,5.75632119178772,1.5502440929412842,3.4910218715667725,328.3582382285674,/
31-08-2026-17-30,c,"cg5-3,5,15",15,7,4,3,5.798792123794556,1.572303056716919,3.4918711185455322,328.3582382285674,/
01-09-2026-11-05,c,"cg5-3,5,15",15,7,4,3,6.277486085891724,1.7089221477508545,3.6805529594421387,328.3582382285674,/
01-09-2026-11-17,c,"ci5-6,4,15",15,9,5,3,4.522270202636719,1.8169491291046143,1.9252948760986328,345.554597653931,/
01-09-2026-11-28,c,"cf2-3,5,15",15,7,4,3,3.5013740062713623,1.707780122756958,0.9442729949951172,376.01188940240684,/
01-09-2026-11-31,c,"cf2-3,5,15",15,7,4,3,3.5571560859680176,1.7487359046936035,0.9206969738006592,376.01188940240684,/
01-09-2026-11-32,c,"cf2-3,5,15",15,7,4,3,3.3644521236419678,1.6678681373596191,0.9088180065155029,376.01188940240684,/
01-09-2026-11-33,c,"cf2-3,5,15",15,7,4,3,3.2849788665771484,1.6266310214996338,0.915334939956665,376.01188940240684,/
01-09-2026-11-34,c,"cf2-3,5,15",15,7,4,3,3.5415420532226562,1.8171560764312744,0.9201040267944336,376.01188940240684,/
