id,parent,Depth,cgLowerBound,FS,rdtCG,rdtFS,Child,Child
0,0,428.322,3.25,428.322,3.25,1,2,7-17-7 = 0.75,7-21-18-23-7 = 0.062,7-24-16-15-7 = 1.0,7-25-11-20-13-8 = 0.312,7-25-23-17-7 = 0.062,7-25-12-22-8 = 0.625,8-21-18-23-7 = 0.438,8-13-14-18-23-7 = 0.312,8-13-22-19-8 = 0.375,8-20-11-14-19-8 = 0.438,8-20-11-14-21-8 = 0.25,8-12-21-19-8 = 0.188,8-12-21-18-17-7 = 0.062,8-12-18-23-17-7 = 0.125
2,0,428.586,3.375,0.263,0.125,3,4,7-17-7 = 0.75,7-24-16-15-7 = 1.0,7-25-11-20-13-8 = 0.437,7-25-23-17-7 = 0.188,7-25-12-22-8 = 0.375,8-13-14-18-23-7 = 0.437,8-13-22-19-8 = 0.125,8-20-11-14-19-8 = 0.313,8-20-11-14-21-8 = 0.25,8-12-21-19-8 = 0.562,8-22-18-23-7 = 0.312,8-12-18-23-17-7 = 0.063,8-22-21-18-8 = 0.188
3,2,429.113,3.545,0.527,0.17,5,6,7-15-7 = 0.091,7-17-7 = 0.636,7-24-16-8 = 0.091,7-24-16-15-7 = 0.909,7-25-11-20-13-8 = 0.545,7-25-21-17-7 = 0.091,7-25-12-22-8 = 0.364,8-13-14-18-23-7 = 0.273,8-13-22-19-8 = 0.182,8-20-11-14-19-8 = 0.182,8-20-11-14-21-8 = 0.273,8-12-21-19-8 = 0.636,8-22-18-23-7 = 0.455,8-14-18-23-17-7 = 0.273
5,3,430.276,3.667,1.163,0.121,7,8,7-15-7 = 0.333,7-17-7 = 0.333,7-24-16-8 = 0.333,7-24-16-15-7 = 0.667,7-25-11-20-13-8 = 0.667,7-25-12-22-8 = 0.333,8-13-22-19-8 = 0.333,8-12-21-19-8 = 0.667,8-22-18-23-7 = 0.333,8-20-11-14-21-7 = 0.333,8-14-18-23-17-7 = 0.667
1,0,431.209,3.273,2.887,0.023,9,10,7-17-7 = 0.727,7-21-18-23-7 = 0.091,7-21-23-17-7 = 0.091,7-24-16-15-7 = 1.0,7-25-11-20-13-8 = 0.364,7-25-12-22-8 = 0.636,8-21-18-23-7 = 0.455,8-13-14-18-19-8 = 0.273,8-13-22-19-8 = 0.273,8-13-22-14-8 = 0.091,8-20-11-14-19-8 = 0.455,8-20-11-14-18-17-7 = 0.182,8-12-21-23-7 = 0.364
6,3,431.237,4.44,2.124,0.895,11,12,7-15-7 = 0.28,7-17-7 = 0.54,7-24-16-15-7 = 0.72,7-25-11-20-13-8 = 0.3,7-25-21-14-8 = 0.12,7-25-12-22-8 = 0.12,7-25-24-16-8 = 0.28,8-13-14-18-23-8 = 0.18,8-13-22-19-8 = 0.52,8-20-11-14-19-8 = 0.24,8-20-11-14-21-8 = 0.46,8-12-21-19-8 = 0.24,8-22-18-23-7 = 0.36,8-12-18-23-17-7 = 0.46,8-12-25-21-8 = 0.18
9,1,431.578,3.909,0.369,0.636,13,14,7-17-7 = 0.545,7-24-16-8 = 0.182,7-24-16-15-7 = 0.818,7-25-11-20-13-8 = 0.364,7-25-12-22-8 = 0.636,7-15-17-7 = 0.182,8-21-23-17-7 = 0.091,8-21-18-23-7 = 0.545,8-13-14-18-19-8 = 0.273,8-13-22-19-8 = 0.273,8-13-22-14-8 = 0.091,8-20-11-14-19-8 = 0.455,8-20-11-14-18-17-7 = 0.182,8-12-21-23-7 = 0.364
12,6,431.72,4.0,0.483,-0.44,15,16,7-15-7 = 0.486,7-17-7 = 0.257,7-24-16-15-7 = 0.514,7-25-11-20-13-8 = 0.257,7-25-21-14-8 = 0.257,7-25-24-16-8 = 0.486,8-13-22-19-8 = 0.743,8-20-11-14-8 = 0.257,8-20-11-14-21-8 = 0.486,8-12-21-19-8 = 0.257,8-22-18-23-7 = 0.257,8-12-18-23-17-7 = 0.743
14,9,432.109,2.444,0.531,-1.465,17,18,7-17-7 = 1.0,7-24-16-15-7 = 1.0,7-25-11-20-13-8 = 0.333,7-25-12-22-8 = 0.667,8-21-18-23-7 = 0.667,8-13-14-18-19-8 = 0.333,8-13-22-19-8 = 0.111,8-13-22-14-8 = 0.111,8-20-11-14-19-8 = 0.556,8-12-21-23-7 = 0.333,8-11-20-13-22-8 = 0.111
17,14,436.768,0.0,4.659,-2.444,Integer,,8-13-8 = 1.0,7-17-7 = 1.0,7-24-16-15-7 = 1.0,7-25-12-22-8 = 1.0,8-21-18-23-7 = 1.0,8-20-11-14-19-8 = 1.0
16,12,432.661,4.457,0.941,0.457,19,20,7-15-7 = 0.486,7-17-7 = 0.257,7-24-16-15-7 = 0.514,7-25-21-14-8 = 0.514,7-25-24-16-8 = 0.486,8-13-22-19-8 = 0.486,8-20-11-14-19-8 = 0.257,8-20-11-14-21-8 = 0.229,8-12-21-19-8 = 0.257,8-11-20-13-8 = 0.257,8-22-18-23-7 = 0.257,8-12-18-23-17-7 = 0.743,8-11-20-13-22-8 = 0.257
20,16,436.964,0.0,4.302,0.0,Prune by CG,,7-17-7 = 0.25,7-24-16-15-7 = 0.275,7-25-21-14-8 = 0.275,7-25-24-16-8 = 0.725,7-15-17-7 = 0.725,8-13-14-18-23-8 = 0.225,8-13-14-18-19-8 = 0.025,8-20-11-14-19-8 = 0.475,8-12-21-19-8 = 0.5,8-12-11-20-13-8 = 0.5,8-11-20-13-8 = 0.025,8-22-18-23-7 = 0.75,8-22-23-17-7 = 0.025,8-13-22-21-7 = 0.225
18,14,432.185,3.0,0.076,0.556,21,22,7-17-7 = 0.75,7-24-16-15-7 = 1.0,7-25-11-20-13-8 = 0.25,7-25-12-22-8 = 0.75,8-21-23-17-7 = 0.25,8-21-18-23-7 = 0.5,8-13-14-18-19-8 = 0.5,8-20-11-14-19-8 = 0.5,8-12-21-23-7 = 0.25,8-11-20-13-22-8 = 0.25
21,18,442.444,0.0,10.259,0.0,Prune by CG,,7-17-7 = 0.6,7-24-16-15-7 = 1.0,7-25-11-20-13-8 = 0.2,7-25-18-19-8 = 0.4,7-25-22-14-8 = 0.2,7-25-12-22-8 = 0.2,8-21-23-17-7 = 0.4,8-21-18-23-7 = 0.6,8-22-19-8 = 0.6,8-12-11-20-13-14-8 = 0.8
22,18,437.289,0.0,5.104,0.0,Prune by CG,,7-17-7 = 0.667,7-24-15-17-7 = 0.333,7-24-16-15-7 = 0.667,7-25-12-20-14-8 = 0.333,7-25-12-22-8 = 0.333,7-25-12-11-13-8 = 0.333,8-21-18-23-7 = 1.0,8-13-22-19-8 = 0.333,8-13-22-16-8 = 0.333,8-20-11-14-19-8 = 0.667
19,16,433.661,3.971,1.0,-0.486,23,24,7-15-7 = 0.486,7-17-7 = 0.257,7-24-16-15-7 = 0.514,7-25-21-14-8 = 0.514,7-25-24-16-8 = 0.486,8-13-22-19-8 = 0.743,8-20-11-14-8 = 0.257,8-20-11-14-21-8 = 0.229,8-12-21-19-8 = 0.257,8-12-18-23-17-7 = 0.743,8-11-20-13-22-8 = 0.257,8-20-11-18-23-7 = 0.257
24,19,435.656,0.0,1.995,-3.971,Integer,,7-24-16-15-7 = 1.0,7-25-21-14-8 = 1.0,8-22-19-8 = 1.0,8-11-20-13-8 = 1.0,8-12-18-23-17-7 = 1.0
15,12,433.844,2.667,2.124,-1.333,25,26,7-17-7 = 0.667,7-24-16-15-7 = 1.0,7-25-11-20-13-8 = 0.667,7-25-11-20-14-8 = 0.333,8-13-14-19-8 = 0.333,8-12-21-19-8 = 0.667,8-22-18-23-7 = 0.667,8-12-18-23-17-7 = 0.333,8-22-21-14-8 = 0.333
25,15,436.233,0.0,2.389,0.0,Prune by CG,,7-17-7 = 0.5,7-24-16-8 = 0.5,7-24-16-15-7 = 0.5,7-25-11-20-13-8 = 0.5,7-25-11-20-14-8 = 0.5,8-13-22-19-8 = 0.5,8-22-18-23-7 = 0.5,8-12-18-23-17-7 = 0.5,8-12-21-15-7 = 0.5,8-14-21-19-8 = 0.5
11,6,433.102,3.0,1.865,-1.44,27,28,7-17-7 = 0.667,7-24-16-15-7 = 1.0,7-25-12-21-8 = 0.667,7-25-12-22-8 = 0.167,8-13-14-18-23-8 = 0.167,8-13-22-19-8 = 0.333,8-20-11-14-19-8 = 0.667,8-20-11-14-21-8 = 0.167,8-11-20-13-8 = 0.167,8-22-18-23-7 = 0.5,8-12-25-21-8 = 0.167,8-13-18-23-17-7 = 0.333
28,11,441.327,0.0,8.225,0.0,Prune by CG,,7-17-7 = 0.96,7-21-18-19-8 = 0.56,7-24-16-8 = 0.04,7-24-16-15-7 = 0.96,7-15-17-7 = 0.04,8-13-14-18-23-8 = 0.4,8-13-22-19-8 = 0.2,8-20-11-14-19-8 = 0.24,8-20-11-14-21-8 = 0.36,8-12-25-22-8 = 0.36,8-22-18-23-7 = 0.04,8-11-20-13-22-8 = 0.4,8-12-25-21-8 = 0.08,8-12-25-23-7 = 0.56
8,5,432.117,4.0,1.842,0.333,29,30,7-15-7 = 0.143,7-17-7 = 0.429,7-24-16-8 = 0.143,7-24-16-15-7 = 0.857,7-25-11-20-13-8 = 0.429,7-25-12-21-8 = 0.571,8-13-14-18-23-7 = 0.286,8-22-19-8 = 0.571,8-20-11-14-18-17-7 = 0.143,8-12-21-19-8 = 0.429,8-22-18-23-7 = 0.143,8-11-20-13-22-8 = 0.286,8-14-18-23-17-7 = 0.429,8-20-11-14-23-7 = 0.143
4,2,432.007,5.0,3.421,1.625,31,32,7-15-7 = 0.5,7-24-16-8 = 0.5,7-24-16-15-7 = 0.5,7-25-23-17-7 = 0.5,7-25-18-23-7 = 0.5,8-13-22-19-8 = 0.5,8-20-11-14-19-8 = 0.5,8-12-11-20-13-8 = 0.5,8-12-21-18-17-7 = 0.5,8-22-21-14-8 = 0.5
31,4,432.506,3.263,0.499,-1.737,33,34,7-17-7 = 0.632,7-24-16-15-7 = 1.0,7-25-23-17-7 = 0.158,7-25-18-23-7 = 0.737,7-25-12-22-8 = 0.105,8-13-14-21-18-8 = 0.053,8-13-22-19-8 = 0.474,8-20-11-14-19-8 = 0.316,8-20-11-14-21-8 = 0.211,8-12-21-19-8 = 0.211,8-12-11-20-13-8 = 0.474,8-12-21-18-17-7 = 0.105,7-12-18-23-17-7 = 0.105,8-22-21-14-8 = 0.421
32,4,433.211,3.167,1.203,-1.833,35,36,7-15-7 = 0.292,7-24-15-7 = 0.042,7-24-16-8 = 0.958,7-25-23-17-7 = 0.458,7-25-18-23-7 = 0.417,7-25-12-22-8 = 0.125,8-13-14-21-18-8 = 0.042,8-13-22-19-8 = 0.792,8-13-22-14-8 = 0.042,8-13-22-16-8 = 0.042,8-20-11-14-19-8 = 0.208,8-20-11-14-18-17-7 = 0.417,8-20-11-14-21-8 = 0.292,8-12-11-20-13-8 = 0.083,8-12-21-15-7 = 0.667,7-12-18-23-17-7 = 0.125
35,32,441.602,0.0,8.391,0.0,Prune by CG,,7-15-7 = 0.4,7-24-16-8 = 1.0,7-25-23-17-7 = 0.6,7-25-18-23-7 = 0.4,8-13-14-18-19-8 = 0.2,8-22-19-8 = 0.8,8-20-11-22-8 = 0.2,8-12-21-18-17-7 = 0.4,8-12-21-15-7 = 0.6,8-11-20-13-14-8 = 0.8
13,9,434.613,4.0,3.035,0.091,37,38,7-15-7 = 0.333,7-24-16-8 = 0.667,7-24-16-15-7 = 0.333,7-25-11-20-13-8 = 0.333,7-25-12-19-8 = 0.333,7-25-12-22-8 = 0.333,7-15-17-7 = 0.333,8-21-18-23-7 = 0.333,8-13-22-19-8 = 0.667,8-20-11-14-18-17-7 = 0.667,8-12-21-23-7 = 0.333,8-14-21-23-7 = 0.333
37,13,439.638,0.0,5.025,0.0,Prune by CG,,7-15-7 = 1.0,7-25-11-20-13-8 = 0.36,7-24-16-19-8 = 0.36,7-25-24-16-8 = 0.64,8-13-22-19-8 = 0.64,8-22-14-18-17-7 = 0.36,8-20-11-14-18-17-7 = 0.64,8-12-21-23-7 = 0.36,8-12-21-23-8 = 0.64
38,13,435.86,0.0,1.246,0.0,Prune by CG,,7-15-7 = 0.4,7-24-16-8 = 0.6,7-24-16-15-7 = 0.4,7-25-11-20-13-8 = 0.2,7-25-12-19-8 = 0.4,7-25-12-22-8 = 0.4,7-15-17-7 = 0.2,8-21-23-17-7 = 0.2,8-21-18-23-7 = 0.4,8-13-22-19-8 = 0.6,8-20-11-14-18-17-7 = 0.6,8-12-11-20-13-8 = 0.2,8-14-21-23-7 = 0.4
27,11,433.305,3.0,0.204,0.0,39,40,7-17-7 = 0.667,7-24-16-15-7 = 1.0,7-25-12-21-8 = 0.667,7-25-12-22-8 = 0.167,8-13-14-18-23-8 = 0.167,8-13-22-19-8 = 0.333,8-20-11-14-19-8 = 0.667,8-20-11-14-21-8 = 0.167,8-11-20-13-8 = 0.167,8-22-18-23-7 = 0.5,7-25-12-21-7 = 0.167,8-13-18-23-17-7 = 0.333
29,8,433.986,4.0,1.868,0.0,41,42,7-15-7 = 0.5,7-24-16-8 = 0.5,7-24-16-15-7 = 0.5,7-25-11-20-13-8 = 1.0,8-22-19-8 = 0.5,8-12-21-19-8 = 0.5,8-12-18-23-17-7 = 0.5,8-14-18-23-17-7 = 0.5,8-22-14-21-7 = 0.5
42,29,436.245,0.0,2.259,0.0,Prune by CG,,7-15-7 = 0.141,7-24-16-8 = 0.859,7-25-11-20-13-8 = 0.953,7-24-16-19-8 = 0.141,7-12-11-20-14-18-7 = 0.047,8-13-14-18-23-7 = 0.047,8-22-19-8 = 0.859,8-12-18-23-17-7 = 0.047,8-22-21-17-7 = 0.094,8-14-18-23-17-7 = 0.859,8-12-21-15-7 = 0.859,7-25-12-21-7 = 0.047,8-22-14-23-7 = 0.047
30,8,433.601,4.28,1.484,0.28,43,44,7-15-7 = 0.64,7-17-7 = 0.18,7-24-16-8 = 0.18,7-24-16-15-7 = 0.36,7-25-12-21-8 = 0.54,7-25-24-16-8 = 0.46,8-13-22-19-8 = 0.54,8-20-11-14-18-17-7 = 0.18,8-12-21-19-8 = 0.46,8-11-20-13-22-8 = 0.46,8-20-11-18-23-7 = 0.18,8-14-18-23-17-7 = 0.64,8-20-11-14-23-7 = 0.18
34,31,434.404,2.667,1.898,-0.596,45,46,7-17-7 = 0.667,7-24-16-15-7 = 1.0,7-25-23-17-7 = 0.333,7-25-18-23-7 = 0.667,8-13-14-21-18-8 = 0.333,8-13-22-19-8 = 0.333,8-20-11-14-21-8 = 0.667,8-12-11-20-13-8 = 0.333,8-12-22-19-8 = 0.667
46,34,438.52,0.0,4.116,0.0,Prune by CG,,8-13-8 = 0.333,7-17-7 = 0.333,7-24-16-15-7 = 1.0,7-25-23-17-7 = 0.667,8-13-14-21-18-8 = 0.333,8-20-11-14-19-8 = 0.667,8-12-11-20-13-8 = 0.333,7-25-12-23-7 = 0.333,8-22-21-18-8 = 0.667,8-12-22-19-8 = 0.333
36,32,433.503,3.833,0.292,0.667,47,48,7-15-7 = 0.5,7-24-16-8 = 1.0,7-25-23-17-7 = 0.5,7-25-18-23-7 = 0.5,8-13-22-19-8 = 0.667,8-20-11-14-19-8 = 0.333,8-20-11-14-18-17-7 = 0.333,8-12-11-20-13-8 = 0.333,8-12-21-18-17-7 = 0.167,8-12-21-15-7 = 0.5,8-22-21-14-8 = 0.333
47,36,438.667,0.0,5.164,0.0,Prune by CG,,7-17-7 = 1.0,7-24-16-8 = 1.0,7-25-18-23-7 = 1.0,8-13-22-19-8 = 1.0,8-20-11-14-8 = 1.0,8-12-21-15-7 = 1.0
43,30,433.825,2.667,0.224,-1.613,49,50,7-15-7 = 0.333,7-17-7 = 0.333,7-24-16-8 = 0.333,7-24-16-15-7 = 0.667,7-25-12-21-8 = 1.0,8-13-22-19-8 = 1.0,8-20-11-14-18-17-7 = 0.333,8-20-11-18-23-7 = 0.333,8-14-18-23-17-7 = 0.333,8-20-11-14-23-7 = 0.333
50,43,436.301,0.0,2.476,0.0,Prune by CG,,7-15-7 = 0.231,7-24-16-8 = 0.538,7-24-16-15-7 = 0.154,7-25-12-21-8 = 0.538,7-25-12-19-8 = 0.077,7-25-12-11-13-8 = 0.077,7-25-24-16-8 = 0.308,7-15-17-7 = 0.615,8-13-22-19-8 = 0.923,8-22-14-18-17-7 = 0.077,8-20-14-18-23-7 = 0.231,8-12-18-23-17-7 = 0.308,8-20-11-14-21-7 = 0.462,8-20-11-18-23-7 = 0.231,8-11-14-18-23-7 = 0.154,8-20-11-14-23-7 = 0.077
44,30,434.236,3.2,0.635,-1.08,51,52,7-15-7 = 0.4,7-24-16-15-7 = 0.6,7-25-12-21-8 = 0.6,7-25-24-16-8 = 0.4,8-22-19-8 = 0.6,8-12-21-19-8 = 0.4,8-11-20-13-8 = 0.6,8-11-20-13-22-8 = 0.4,8-14-18-23-17-7 = 1.0
51,44,438.655,0.0,4.418,0.0,Prune by CG,,7-15-7 = 1.0,7-25-24-16-8 = 1.0,7-12-21-19-8 = 0.333,8-13-14-18-23-7 = 0.333,8-22-19-8 = 0.333,8-20-11-22-8 = 0.333,8-12-21-19-8 = 0.307,8-12-11-20-13-8 = 0.333,8-11-20-13-8 = 0.333,8-22-21-17-7 = 0.333,8-14-18-23-17-7 = 0.667,7-12-21-19-7 = 0.027
52,44,434.835,0.0,0.599,-3.2,Integer,,7-24-16-15-7 = 1.0,7-25-12-21-8 = 1.0,8-22-19-8 = 1.0,8-11-20-13-8 = 1.0,8-14-18-23-17-7 = 1.0
48,36,433.526,3.13,0.023,-0.703,53,54,7-15-7 = 0.304,7-24-15-7 = 0.043,7-24-16-8 = 0.957,7-25-23-17-7 = 0.435,7-25-18-23-7 = 0.435,7-25-12-20-13-8 = 0.043,7-25-12-22-8 = 0.043,7-25-12-11-14-8 = 0.043,8-13-22-19-8 = 0.826,8-13-22-16-8 = 0.043,8-20-11-14-19-8 = 0.174,8-20-11-14-18-17-7 = 0.435,8-20-11-14-21-8 = 0.261,8-12-11-20-13-8 = 0.087,8-12-21-15-7 = 0.652,7-12-18-23-17-7 = 0.13,8-22-21-14-8 = 0.087
53,48,437.851,0.0,4.325,0.0,Prune by CG,,7-15-7 = 0.333,7-24-15-7 = 0.333,7-24-16-8 = 0.667,7-25-23-17-7 = 0.333,7-25-18-23-7 = 0.333,8-13-22-19-8 = 0.667,8-13-22-16-8 = 0.333,8-20-11-14-19-8 = 0.333,8-20-11-14-18-17-7 = 0.333,8-20-11-14-21-7 = 0.333,7-25-12-21-7 = 0.333,7-12-18-23-17-7 = 0.333,7-12-21-15-7 = 0.333
23,19,435.513,2.945,1.852,-1.026,Prune by UB,,7-15-7 = 0.673,7-24-16-15-7 = 0.327,7-25-21-18-7 = 0.164,7-25-21-17-7 = 0.164,7-25-24-16-8 = 0.673,7-12-21-19-8 = 0.164,8-13-22-8 = 0.164,8-13-22-19-8 = 0.836,8-20-11-14-8 = 0.327,8-20-11-14-23-8 = 0.164,8-20-11-14-21-8 = 0.509,8-12-18-23-17-7 = 0.836
26,15,435.297,2.0,1.453,-0.667,Prune by UB,,7-17-7 = 0.667,7-24-16-15-7 = 1.0,7-25-11-20-13-8 = 0.333,7-25-11-20-14-8 = 0.667,8-13-22-14-8 = 0.333,8-12-21-19-8 = 1.0,8-22-18-23-7 = 0.667,8-13-18-23-17-7 = 0.333
33,31,435.28,3.5,2.774,0.237,Prune by UB,,7-17-7 = 0.5,7-24-16-15-7 = 1.0,7-25-23-17-7 = 0.25,7-25-18-23-7 = 0.5,7-25-18-23-8 = 0.25,8-13-22-14-8 = 0.5,8-20-11-14-8 = 0.25,8-20-11-14-19-8 = 0.25,8-12-21-19-8 = 0.75,8-12-21-18-17-7 = 0.25,8-11-20-13-22-8 = 0.5
39,27,434.606,3.5,1.301,0.5,55,56,7-17-7 = 0.75,7-24-16-15-7 = 1.0,7-25-12-21-8 = 0.5,7-25-12-22-8 = 0.25,8-13-14-18-23-8 = 0.5,8-13-22-19-8 = 0.5,8-20-11-14-19-8 = 0.5,8-22-21-17-7 = 0.25,8-20-11-18-23-7 = 0.5,7-25-12-21-7 = 0.25
55,39,442.141,0.0,7.534,0.0,Prune by CG,,7-17-7 = 0.75,7-24-16-15-7 = 0.625,7-25-12-22-8 = 1.0,8-13-21-19-8 = 0.625,8-13-14-18-23-8 = 0.375,8-20-11-14-19-8 = 0.25,8-20-11-14-21-8 = 0.25,8-20-18-23-17-7 = 0.125,8-20-11-18-23-7 = 0.375,8-11-18-23-17-7 = 0.125,8-14-21-19-8 = 0.125,8-24-16-15-7 = 0.375
40,27,434.994,3.0,1.688,0.0,Prune by UB,,7-15-7 = 0.333,7-17-7 = 0.333,7-24-16-8 = 0.333,7-24-16-15-7 = 0.667,7-25-12-21-8 = 0.667,7-25-12-22-8 = 0.333,8-20-11-14-19-8 = 1.0,8-22-18-23-7 = 0.333,8-13-18-23-17-7 = 0.667,8-13-22-21-7 = 0.333
41,29,435.5,3.0,1.514,-1.0,Prune by UB,,7-17-7 = 0.667,7-24-16-15-7 = 1.0,7-25-11-20-13-8 = 0.667,7-25-12-20-13-8 = 0.333,8-22-19-8 = 0.333,8-12-21-19-8 = 0.667,8-14-18-23-17-7 = 0.333,8-11-14-18-23-7 = 0.333,8-22-21-18-8 = 0.333,8-22-14-23-7 = 0.333
45,34,434.663,2.5,0.259,-0.167,57,58,7-17-7 = 0.667,7-24-16-15-7 = 1.0,7-25-18-23-7 = 0.833,7-25-12-19-8 = 0.083,7-25-12-22-8 = 0.083,8-13-14-21-8 = 0.083,8-13-22-19-8 = 0.5,8-20-11-14-21-8 = 0.75,8-12-11-20-13-8 = 0.25,8-13-14-21-17-7 = 0.167,7-12-18-23-17-7 = 0.167,8-12-22-19-8 = 0.417
57,45,435.732,0.0,1.069,0.0,Prune by CG,,7-17-7 = 0.667,7-18-23-19-8 = 0.167,7-24-16-15-7 = 1.0,7-25-18-23-7 = 0.833,7-25-12-22-8 = 0.167,8-13-22-19-8 = 0.333,8-20-11-14-21-8 = 0.667,8-12-11-20-13-8 = 0.333,8-13-14-21-17-7 = 0.333,8-12-22-19-8 = 0.5
58,45,440.029,0.0,5.366,0.0,Prune by CG,,8-13-8 = 0.333,7-17-7 = 0.333,7-24-16-15-7 = 1.0,7-25-18-23-7 = 0.333,8-13-22-19-8 = 0.667,8-22-19-8 = 0.333,8-20-11-14-21-8 = 1.0,7-25-12-23-7 = 0.333,7-12-18-23-17-7 = 0.333,7-25-12-18-17-7 = 0.333
49,43,435.124,3.333,1.299,0.667,Prune by UB,,7-15-7 = 0.667,7-24-16-8 = 0.5,7-24-16-15-7 = 0.333,7-25-12-21-8 = 0.833,7-25-24-16-8 = 0.167,8-13-14-18-23-7 = 0.167,8-13-22-19-8 = 0.833,8-20-11-14-18-17-7 = 0.5,8-12-21-19-8 = 0.167,8-22-18-23-7 = 0.167,8-20-14-23-17-7 = 0.167,8-11-14-18-23-7 = 0.167,8-20-11-23-17-7 = 0.333
54,48,434.124,3.375,0.597,0.245,59,60,7-15-7 = 0.25,7-24-16-8 = 1.0,7-25-11-20-13-8 = 0.125,7-25-23-17-7 = 0.375,7-25-18-23-7 = 0.5,8-13-22-19-8 = 0.688,8-20-11-14-19-8 = 0.312,8-20-11-14-18-17-7 = 0.375,8-12-22-14-8 = 0.062,8-12-11-20-13-8 = 0.188,8-12-21-18-17-7 = 0.125,8-12-21-15-7 = 0.625,7-15-23-17-7 = 0.125,8-22-21-14-8 = 0.25
60,54,440.616,0.0,6.492,0.0,Prune by CG,,7-15-7 = 0.333,7-24-16-8 = 1.0,7-25-23-17-7 = 0.36,7-25-21-18-8 = 0.027,7-25-18-23-8 = 0.307,8-13-22-19-8 = 1.0,8-20-11-14-18-17-7 = 0.307,8-20-11-14-21-7 = 0.333,8-12-21-15-7 = 0.333,7-15-23-17-7 = 0.333,8-12-25-21-8 = 0.307,8-12-11-20-14-18-7 = 0.36
56,39,434.623,3.0,0.016,-0.5,61,62,7-17-7 = 0.667,7-24-16-15-7 = 1.0,7-25-12-21-8 = 0.667,7-25-12-20-13-8 = 0.167,8-13-14-18-23-8 = 0.333,8-13-22-19-8 = 0.333,8-20-11-14-19-8 = 0.667,8-11-20-13-8 = 0.167,8-22-18-23-7 = 0.5,8-22-21-17-7 = 0.167,7-25-12-21-7 = 0.167,8-11-18-23-17-7 = 0.167
61,56,443.269,0.0,8.647,0.0,Prune by CG,,7-17-7 = 0.727,7-21-18-19-8 = 0.091,7-24-16-15-7 = 0.909,7-24-21-19-8 = 0.091,7-25-12-20-13-8 = 0.545,7-25-12-11-13-8 = 0.455,8-16-15-7 = 0.091,8-20-11-14-19-8 = 0.273,8-20-11-14-21-8 = 0.182,8-22-18-23-7 = 0.818,8-22-21-17-7 = 0.091,8-22-23-17-7 = 0.091,8-11-18-23-17-7 = 0.091,8-14-21-19-8 = 0.545
59,54,434.215,4.375,0.091,1.0,63,64,7-15-7 = 0.25,7-24-15-7 = 0.375,7-24-16-8 = 0.625,7-25-11-20-13-8 = 0.125,7-25-23-17-7 = 0.375,7-25-18-23-7 = 0.5,8-13-22-19-8 = 0.312,8-13-22-16-8 = 0.375,8-20-11-14-19-8 = 0.688,8-12-22-14-8 = 0.062,8-12-11-20-13-8 = 0.188,8-12-21-18-17-7 = 0.5,8-12-21-15-7 = 0.25,7-15-23-17-7 = 0.125,8-22-21-14-8 = 0.25
63,59,446.623,0.0,12.408,0.0,Prune by CG,,7-24-15-7 = 0.333,7-24-16-8 = 0.667,7-25-23-17-7 = 0.333,7-25-18-23-7 = 0.667,7-15-17-7 = 0.333,8-20-11-14-19-8 = 0.333,8-20-11-14-21-8 = 0.333,8-12-22-14-8 = 0.333,8-12-22-19-8 = 0.667,8-13-21-18-17-7 = 0.333,8-13-21-15-7 = 0.333,8-11-20-13-16-8 = 0.333
62,56,434.639,2.333,0.017,-0.667,65,66,7-17-7 = 1.0,7-24-16-15-7 = 1.0,7-25-12-21-8 = 0.667,8-13-14-18-23-8 = 0.333,8-13-22-19-8 = 0.333,8-20-11-14-19-8 = 0.667,8-11-20-13-8 = 0.333,8-22-18-23-7 = 0.667,7-25-12-21-7 = 0.333
65,62,439.395,0.0,4.755,0.0,Prune by CG,,8-13-8 = 1.0,7-17-7 = 1.0,7-24-16-15-7 = 1.0,7-25-12-21-8 = 1.0,8-20-11-14-19-8 = 1.0,8-22-18-23-7 = 1.0
66,62,434.932,0.0,0.293,0.0,Prune by CG,,7-17-7 = 0.75,7-24-16-15-7 = 1.0,7-25-12-21-8 = 0.625,8-13-14-18-23-8 = 0.375,8-13-22-19-8 = 0.375,8-20-11-14-19-8 = 0.625,8-22-18-23-7 = 0.375,8-20-18-23-17-7 = 0.125,8-11-20-13-22-8 = 0.25,7-25-12-21-7 = 0.375,8-11-18-23-17-7 = 0.125
64,59,434.236,4.5,0.021,0.125,67,68,7-15-7 = 0.25,7-24-15-7 = 0.375,7-24-16-8 = 0.625,7-25-11-20-13-8 = 0.125,7-25-23-17-7 = 0.375,7-25-18-23-7 = 0.5,8-13-22-19-8 = 0.375,8-13-22-16-8 = 0.375,8-20-11-14-19-8 = 0.625,8-12-11-20-14-8 = 0.125,8-12-11-20-13-8 = 0.125,8-12-21-18-17-7 = 0.5,8-12-21-15-7 = 0.25,7-15-23-17-7 = 0.125,8-22-21-14-8 = 0.25
67,64,444.913,0.0,10.677,0.0,Prune by CG,,8-16-8 = 1.0,7-25-11-20-14-8 = 1.0,8-13-22-19-8 = 1.0,8-12-21-15-7 = 1.0,7-24-18-23-17-7 = 1.0
68,64,434.27,4.0,0.034,-0.5,69,70,7-24-15-7 = 0.333,7-24-16-8 = 0.667,7-25-23-17-7 = 0.333,7-25-18-23-7 = 0.667,7-15-17-7 = 0.333,8-13-22-19-8 = 0.333,8-13-22-16-8 = 0.333,8-20-11-14-19-8 = 0.667,8-12-11-20-13-8 = 0.333,8-12-21-18-17-7 = 0.333,8-12-21-15-7 = 0.333,8-22-21-14-8 = 0.333
69,68,436.663,0.0,2.393,0.0,Prune by CG,,7-15-7 = 0.25,7-24-16-8 = 0.75,7-25-23-17-7 = 0.25,7-25-21-14-8 = 0.25,7-25-18-23-7 = 0.5,8-13-22-19-8 = 0.5,8-13-22-16-8 = 0.25,8-20-11-14-8 = 0.25,8-20-11-14-19-8 = 0.5,8-12-21-18-17-7 = 0.5,8-11-20-13-22-8 = 0.25,8-12-21-15-7 = 0.25,7-15-23-17-7 = 0.25,8-12-24-15-7 = 0.25
70,68,435.982,0.0,1.713,0.0,Prune by CG,,7-24-15-7 = 0.667,7-24-16-8 = 0.333,7-25-23-17-7 = 0.333,7-25-18-23-7 = 0.667,7-15-17-7 = 0.333,8-13-22-16-8 = 0.667,8-22-14-18-17-7 = 0.333,8-20-11-14-19-8 = 0.333,8-20-11-14-21-8 = 0.333,8-12-21-19-8 = 0.667,8-12-11-20-13-8 = 0.333
10,1,436.436,4.0,5.227,0.727,Prune by UB,,7-17-7 = 0.625,7-21-18-23-7 = 0.75,7-21-23-17-7 = 0.125,7-24-16-15-7 = 0.625,7-25-12-22-8 = 0.25,7-25-24-16-8 = 0.375,8-13-22-19-8 = 0.5,8-13-22-14-8 = 0.25,8-20-11-14-19-8 = 0.5,8-20-11-14-18-17-7 = 0.25,8-12-11-20-13-8 = 0.25,7-12-21-23-7 = 0.125,8-12-25-15-7 = 0.375
7,5,437.323,4.0,7.047,0.333,Prune by UB,,7-15-7 = 0.333,7-17-7 = 0.333,7-21-18-19-8 = 0.333,7-24-16-8 = 0.333,7-24-16-15-7 = 0.667,7-25-11-20-13-8 = 0.333,7-25-21-17-7 = 0.333,7-25-12-22-8 = 0.333,8-13-14-18-23-7 = 0.667,8-20-11-14-21-7 = 0.333,8-20-11-23-17-7 = 0.333,8-12-22-19-8 = 0.667
0,0,429.541,3.0,429.541,3.0,1,2,9-13-9 = 0.333,7-24-16-15-7 = 1.0,7-25-23-17-7 = 0.333,7-25-21-18-9 = 0.333,7-25-12-22-9 = 0.333,9-13-22-19-9 = 0.667,9-11-18-23-17-7 = 0.167,9-14-18-23-17-7 = 0.167,9-20-11-14-9 = 0.833,9-12-21-23-9 = 0.167,9-12-21-19-9 = 0.333,9-12-21-18-17-7 = 0.167,9-20-18-23-17-7 = 0.167
1,0,429.584,3.25,0.044,0.25,3,4,9-13-9 = 0.375,7-24-16-15-7 = 1.0,7-25-23-17-7 = 0.25,7-25-21-18-9 = 0.125,7-25-12-21-9 = 0.375,7-25-12-22-9 = 0.25,9-22-21-18-9 = 0.125,9-13-22-19-9 = 0.625,9-11-18-23-17-7 = 0.25,9-14-18-23-17-7 = 0.25,9-20-11-14-9 = 0.75,9-12-21-19-9 = 0.375,9-20-18-23-17-7 = 0.25
3,1,429.74,2.0,0.156,-1.25,5,6,9-20-9 = 0.5,7-24-16-15-7 = 1.0,7-25-12-21-9 = 1.0,9-13-22-19-9 = 1.0,9-11-18-23-17-7 = 0.5,9-14-18-23-17-7 = 0.5,9-20-11-14-9 = 0.5
5,3,431.257,3.0,1.517,1.0,7,8,9-13-9 = 0.333,7-24-16-15-7 = 1.0,7-25-23-17-7 = 0.5,7-25-12-19-9 = 0.167,7-25-12-21-9 = 0.333,9-22-21-18-9 = 0.333,9-13-22-19-9 = 0.667,9-14-18-23-17-7 = 0.167,9-20-11-14-9 = 0.833,9-12-21-19-9 = 0.167,9-12-18-23-17-7 = 0.333,9-20-11-21-18-9 = 0.167
7,5,432.04,3.0,0.783,-0.0,9,10,9-13-9 = 0.5,7-24-16-15-7 = 1.0,7-25-12-21-9 = 1.0,9-13-22-19-9 = 0.5,9-14-18-23-17-7 = 0.5,9-20-11-14-9 = 0.5,9-20-18-23-17-7 = 0.5,9-11-22-19-9 = 0.5
9,7,432.848,0.0,0.807,-3.0,Integer,,7-24-16-15-7 = 1.0,7-25-23-17-7 = 1.0,9-13-22-19-9 = 1.0,9-20-11-14-9 = 1.0,9-12-21-18-9 = 1.0
10,7,435.147,0.0,3.107,0.0,Prune by CG,,7-24-16-15-7 = 1.0,7-25-12-21-9 = 1.0,9-13-22-19-9 = 1.0,9-11-14-9 = 1.0,9-20-18-23-17-7 = 1.0
2,0,433.032,2.25,3.492,-0.75,Prune by UB,,9-13-9 = 0.125,7-17-7 = 0.75,7-24-16-15-7 = 1.0,7-25-18-23-7 = 0.5,7-25-21-18-9 = 0.25,7-25-12-19-9 = 0.125,7-25-12-22-9 = 0.125,9-13-22-19-9 = 0.875,9-20-11-14-9 = 1.0,9-12-21-23-7 = 0.25,9-12-21-23-9 = 0.25,9-12-21-18-17-7 = 0.25
6,3,433.031,3.0,3.291,1.0,Prune by UB,,7-24-16-15-7 = 1.0,7-25-21-14-9 = 0.5,7-25-12-22-9 = 0.5,9-13-22-19-9 = 0.5,9-11-18-23-17-7 = 1.0,9-20-14-9 = 0.5,9-20-13-9 = 0.5,9-12-21-19-9 = 0.5
8,5,433.28,3.25,2.023,0.25,Prune by UB,,9-13-9 = 0.375,7-24-16-15-7 = 1.0,7-25-23-17-7 = 0.25,7-25-21-14-9 = 0.25,7-25-12-19-9 = 0.375,7-25-12-22-9 = 0.125,9-22-21-18-9 = 0.25,9-13-22-19-9 = 0.625,9-20-11-14-9 = 0.75,9-12-18-23-17-7 = 0.5,9-20-11-21-18-9 = 0.25,9-21-23-17-7 = 0.25
4,1,434.512,2.5,4.928,-0.75,Prune by UB,,9-13-9 = 0.25,7-24-16-15-7 = 1.0,7-25-23-17-7 = 0.25,7-25-21-18-9 = 0.5,9-13-22-19-9 = 0.75,9-20-11-14-9 = 1.0,9-12-22-19-9 = 0.25,7-12-18-23-17-7 = 0.5,9-21-23-17-7 = 0.25,9-12-25-21-7 = 0.25
