timeStamop, method, fileName, #c, #parking, #mm, #sev, time, objValue, gap
03-02-2026-01-23,c,"cf4-2,3,15",15,4,2,4,0.8780491352081299,413.73207898380826,/
03-02-2026-01-23,c,"cf5-2,3,15",15,4,2,3,0.7711479663848877,383.974715845079,/
03-02-2026-01-23,c,"cf3-2,3,15",15,4,2,4,0.6590747833251953,428.75373618615157,/
03-02-2026-01-23,c,"cg1-2,3,15",15,4,2,4,2.7593817710876465,422.8700941287786,/
03-02-2026-01-23,c,"cf2-3,5,15",15,7,4,3,6.5580480098724365,376.01188940240695,/
03-02-2026-01-23,bp,"ce1-2,3,15",15,4,2,4,19.277488946914673,444.27821355770584,/
03-02-2026-01-23,c,"cg2-2,3,15",15,4,2,4,6.209829092025757,344.90719558986723,/
03-02-2026-01-23,c,"cf5-6,4,15",15,9,5,3,8.8836350440979,348.11349566848617,/
03-02-2026-01-23,c,"cg5-2,3,15",15,4,2,3,5.629503965377808,362.1788057578317,/
03-02-2026-01-23,c,"cg4-2,3,15",15,4,2,4,6.1076819896698,414.79805324134776,/
03-02-2026-01-23,c,"cf4-3,5,15",15,7,4,3,9.640841007232666,316.90014456721883,/
03-02-2026-01-23,bp,"cf1-2,3,15",15,4,2,4,20.072178840637207,452.5526839815021,/
03-02-2026-01-23,bp,"cf1-2,3,20",20,4,2,5,20.258599996566772,447.8958010102848,/
03-02-2026-01-23,c,"cf5-2,3,20",20,4,2,6,10.096811056137085,528.1472575490393,/
03-02-2026-01-23,c,"cf4-6,4,15",15,9,5,3,10.432272911071777,362.0301104897604,/
03-02-2026-01-23,c,"cg3-2,3,15",15,4,2,4,7.073561191558838,404.6263706766863,/
03-02-2026-01-23,bp,"cf1-3,5,15",15,7,4,3,21.96311902999878,407.94343020773687,/
03-02-2026-01-23,c,"cg1-3,5,15",15,7,4,3,9.47706413269043,363.8536961723788,/
03-02-2026-01-23,c,"cf3-2,3,20",20,4,2,5,11.89948582649231,491.1451216708492,/
03-02-2026-01-23,bp,"ce1-2,3,20",20,4,2,5,24.77697491645813,460.4010212136561,/
03-02-2026-01-23,bp,"ce1-3,5,15",15,7,4,3,25.283484935760498,417.3541695284085,/
03-02-2026-01-23,c,"cg5-2,3,20",20,4,2,5,9.671262979507446,458.6662856700788,/
03-02-2026-01-23,c,"cg2-3,5,15",15,7,4,3,9.690814971923828,344.43035120638456,/
03-02-2026-01-23,bp,"cg2-2,3,15",15,4,2,4,20.01542592048645,344.9071955898672,/
03-02-2026-01-23,c,"cg4-2,3,20",20,4,2,5,11.291285037994385,510.7025800988623,/
03-02-2026-01-23,c,"cg4-3,5,15",15,7,4,3,12.024006128311157,318.84458180724454,/
03-02-2026-01-23,c,"cg1-2,3,20",20,4,2,5,15.686959028244019,437.4940261732876,/
03-02-2026-01-23,bp,"ce5-2,3,20",20,4,2,5,26.453799962997437,498.34657399158596,/
03-02-2026-01-23,c,"cf4-2,3,20",20,4,2,5,17.216012954711914,519.4943379002633,/
03-02-2026-01-23,bp,"ce5-3,5,15",15,7,4,3,27.613830089569092,365.21305035310195,/
03-02-2026-01-23,c,"cg3-3,5,15",15,7,4,3,13.708781003952026,306.37536544451046,/
03-02-2026-01-23,bp,"cg1-2,3,15",15,4,2,4,28.792951822280884,422.87009412877865,/
03-02-2026-01-23,bp,"cg1-2,3,20",20,4,2,5,30.137834072113037,437.4940261732876,/
03-02-2026-01-23,bp,"cg3-2,3,15",15,4,2,4,25.158955812454224,404.6263706766814,/
03-02-2026-01-23,bp,"cf4-6,4,15",15,9,5,3,31.11857008934021,384.35064520268986,/
03-02-2026-01-23,c,"cf3-3,5,15",15,7,4,3,21.83544683456421,316.0281587459649,/
03-02-2026-01-24,c,"cf2-6,4,15",15,9,5,4,21.393181085586548,431.01594474504896,/
03-02-2026-01-24,c,"cg3-2,3,20",20,4,2,5,18.10278296470642,477.8249452582833,/
03-02-2026-01-24,bp,"cg2-6,4,15",15,9,5,3,28.74616289138794,437.11919576558097,/
03-02-2026-01-24,bp,"cf5-6,4,15",15,9,5,3,33.355767011642456,411.6087413538261,/
03-02-2026-01-24,bp,"ce5-2,3,30",30,4,2,7,33.69961500167847,587.4655794105709,/
03-02-2026-01-24,bp,"cf5-2,3,15",15,4,2,3,32.485979080200195,389.8309427090162,/
03-02-2026-01-24,bp,"cf5-2,3,20",20,4,2,6,33.01124811172485,528.1472575489158,/
03-02-2026-01-24,c,"cf3-6,4,15",15,9,5,3,28.605304956436157,425.8333905152357,/
03-02-2026-01-24,c,"cg4-6,4,15",15,9,5,3,27.32194209098816,362.0909630274698,/
03-02-2026-01-24,c,"cf5-3,5,15",15,7,4,3,30.92072081565857,331.1734543066075,/
03-02-2026-01-24,bp,"cf5-3,5,15",15,7,4,3,41.65124988555908,394.5049039772616,/
03-02-2026-01-24,bp,"cf1-6,4,15",15,9,5,3,43.79856991767883,465.72656018658995,/
03-02-2026-01-24,bp,"ce4-6,4,15",15,9,5,3,46.13936686515808,382.866051748068,/
03-02-2026-01-24,c,"ci5-2,3,15",15,4,2,4,0.468548059463501,384.57416531065485,/
03-02-2026-01-24,bp,"cg1-3,5,15",15,7,4,3,47.92932415008545,385.0537974704977,/
03-02-2026-01-24,bp,"cf1-3,5,30",30,7,4,6,47.855422019958496,572.9154264161897,/
03-02-2026-01-24,c,"ci4-2,3,20",20,4,2,5,1.927793025970459,513.1913257977988,/
03-02-2026-01-24,bp,"ci1-2,3,20",20,4,2,5,20.49889588356018,448.79993161339735,/
03-02-2026-01-24,c,"ci4-2,3,15",15,4,2,4,2.1413979530334473,425.73855344873596,/
03-02-2026-01-24,c,"cg2-6,4,15",15,9,5,3,35.30544900894165,406.376219646978,/
03-02-2026-01-24,bp,"cg1-6,4,15",15,9,5,3,44.88908791542053,470.35236643632186,/
03-02-2026-01-24,bp,"ce1-3,5,30",30,7,4,6,51.86170506477356,559.2960743741348,/
03-02-2026-01-24,c,"ci5-2,3,20",20,4,2,5,5.056878089904785,477.3888462214433,/
03-02-2026-01-24,bp,"cg4-2,3,20",20,4,2,5,26.046516180038452,510.7025800988328,/
03-02-2026-01-24,c,"ci4-3,5,15",15,7,4,3,6.415993928909302,326.22392328121316,/
03-02-2026-01-24,bp,"cg3-3,5,15",15,7,4,3,27.292377948760986,386.7849924701089,/
03-02-2026-01-24,c,"ci3-3,5,15",15,7,4,3,7.306463956832886,306.93271265014596,/
03-02-2026-01-24,bp,"ci2-6,4,15",15,9,5,3,25.959986925125122,443.1170059102793,/
03-02-2026-01-24,bp,"ci2-2,3,15",15,4,2,3,25.892992973327637,346.1120405530021,/
03-02-2026-01-24,bp,"cg2-3,5,15",15,7,4,3,49.642810106277466,417.28508267092434,/
03-02-2026-01-24,bp,"cg5-2,3,20",20,4,2,5,28.460484981536865,458.6662856700789,/
03-02-2026-01-24,bp,"cg4-2,3,15",15,4,2,4,27.595144033432007,419.3707228928439,/
03-02-2026-01-24,bp,"cg5-2,3,15",15,4,2,3,29.000837087631226,362.1788057578317,/
03-02-2026-01-24,c,"ci4-6,4,15",15,9,5,3,9.44343614578247,359.1664818225173,/
,/
03-02-2026-01-24,bp,"ci1-2,3,30",30,4,2,6,28.853774070739746,559.645256512561,/
03-02-2026-01-24,bp,"ci2-3,5,15",15,7,4,3,29.249749898910522,433.4079970376214,/
03-02-2026-01-24,bp,"cg3-2,3,20",20,4,2,5,32.034544944763184,477.82494525828383,/
03-02-2026-01-24,c,"ci3-2,3,15",15,4,2,3,0.48563480377197266,409.58401854260865,/
03-02-2026-01-24,c,"ci1-2,3,15",15,4,2,4,1.1980400085449219,432.43329039236863,/
03-02-2026-01-24,c,"ci2-3,5,15",15,7,4,3,1.7937700748443604,347.8989030414637,/
03-02-2026-01-24,bp,"ci1-2,3,15",15,4,2,4,33.05285692214966,432.4332903923687,/
03-02-2026-01-24,c,"ci2-2,3,15",15,4,2,3,3.0720481872558594,346.1120405533019,/
03-02-2026-01-24,bp,"ci2-2,3,30",30,4,2,7,33.66780209541321,603.6218329655998,/
03-02-2026-01-24,c,"ci4-2,3,30",30,4,2,8,15.298221826553345,593.7920170658036,/
03-02-2026-01-24,bp,"ci1-6,4,15",15,9,5,3,33.82348704338074,466.12713205157684,/
03-02-2026-01-24,bp,"cg5-3,5,15",15,7,4,3,34.223660945892334,384.7728751762604,/
03-02-2026-01-24,bp,"cg1-3,5,30",30,7,4,7,63.501588106155396,563.3150852210257,/
03-02-2026-01-24,c,"ci1-2,3,20",20,4,2,5,3.9764139652252197,448.79993161339746,/
03-02-2026-01-24,c,"ci1-2,3,30",30,4,2,6,6.039002895355225,556.1106224992307,/
03-02-2026-01-24,c,"ci1-3,5,15",15,7,4,3,6.206824064254761,404.77297938692783,/
03-02-2026-01-24,c,"ci3-6,4,15",15,9,5,3,22.804675102233887,421.8338650496386,/
03-02-2026-01-24,bp,"cf2-2,3,15",15,4,2,4,20.303569078445435,385.9115502416256,/
03-02-2026-01-24,bp,"ci2-3,5,30",30,7,4,6,41.70364499092102,595.6523003487465,/

03-02-2026-01-24,c,"ci5-2,3,30",30,4,2,7,24.830132961273193,595.856385097858,/
03-02-2026-01-24,c,"cf4-2,3,30",30,4,2,7,62.577523946762085,601.5693321482681,/
03-02-2026-01-24,bp,"cg4-6,4,15",15,9,5,3,45.13414788246155,384.4114977403992,/
03-02-2026-01-24,bp,"cg5-6,4,15",15,9,5,3,43.991743087768555,417.0228956248877,/
03-02-2026-01-24,bp,"ci2-2,3,20",20,4,2,5,43.947412967681885,462.93316146429083,/
03-02-2026-01-24,c,"cg5-3,5,15",15,7,4,3,13.81427788734436,328.35823822856594,/
03-02-2026-01-24,c,"ci2-2,3,20",20,4,2,5,14.053436994552612,462.93316146429083,/
03-02-2026-01-24,bp,"ci4-2,3,20",20,4,2,5,20.24332594871521,513.1913257977988,/
03-02-2026-01-24,bp,"cf3-2,3,15",15,4,2,4,25.2113139629364,428.7537361861516,/
03-02-2026-01-24,bp,"cf4-2,3,15",15,4,2,4,25.30838680267334,413.7320789838083,/
03-02-2026-01-24,c,"ci3-2,3,30",30,4,2,7,16.58765411376953,592.1378711338957,/
03-02-2026-01-24,bp,"cf3-6,4,15",15,9,5,3,26.548992156982422,460.1641263537722,/
03-02-2026-01-24,bp,"cf2-3,5,15",15,7,4,3,26.62172794342041,435.7619171803715,/
03-02-2026-01-24,bp,"cf3-2,3,20",20,4,2,5,27.002222061157227,491.1451216708492,/
03-02-2026-01-24,c,"ci2-6,4,15",15,9,5,3,17.888032913208008,409.85191654430787,/
03-02-2026-01-24,bp,"cg4-2,3,30",30,4,2,8,50.16224789619446,574.2420454151569,/
03-02-2026-01-24,bp,"cf4-2,3,20",20,4,2,5,27.98669409751892,519.4943379002507,/
03-02-2026-01-24,bp,"cf4-6,4,30",30,9,5,5,78.48721599578857,591.7984116841733,/
03-02-2026-01-24,c,"cg1-2,3,30",30,4,2,6,64.77347207069397,548.7775245870074,/
03-02-2026-01-24,c,"ci5-3,5,30",30,7,4,6,32.57484412193298,484.4930292526619,/
03-02-2026-01-24,bp,"ci3-2,3,15",15,4,2,3,25.448782205581665,409.58401854260865,/
03-02-2026-01-24,bp,"ci4-2,3,15",15,4,2,4,25.433428049087524,425.73855345323364,/
03-02-2026-01-24,bp,"ci5-2,3,15",15,4,2,4,26.189733028411865,385.9933592881436,/
03-02-2026-01-24,bp,"ci3-2,3,20",20,4,2,5,27.180992126464844,484.69557365077054,/
03-02-2026-01-24,bp,"ci3-3,5,15",15,7,4,3,27.485404014587402,396.59089123348406,/
03-02-2026-01-24,bp,"cf2-6,4,15",15,9,5,4,32.8047399520874,456.2950936832002,/
03-02-2026-01-24,c,"ci2-2,3,30",30,4,2,7,23.620621919631958,603.6218329656008,/
03-02-2026-01-24,bp,"cf4-2,3,30",30,4,2,7,33.24242401123047,601.5693321482686,/
03-02-2026-01-24,bp,"ci1-2,3,50",50,4,2,11,54.238110065460205,858.5823907095597,/
03-02-2026-01-24,bp,"ci5-2,3,20",20,4,2,5,29.958471059799194,484.5059498212086,/
03-02-2026-01-24,bp,"cf5-2,3,30",30,4,2,6,81.91940879821777,580.4682453344687,/
03-02-2026-01-24,bp,"ci3-2,3,30",30,4,2,7,31.692754983901978,592.1378711338936,/
03-02-2026-01-24,c,"ci1-3,5,30",30,7,4,7,27.951448917388916,575.960440974764,/
03-02-2026-01-24,bp,"cf2-2,3,20",20,4,2,5,37.873258113861084,481.69192412212783,/
03-02-2026-01-24,bp,"cg5-2,3,30",30,4,2,7,62.63734698295593,581.3717734250456,/
03-02-2026-01-24,c,"cg5-6,4,15",15,9,5,3,31.303709030151367,359.79859533424286,/
03-02-2026-01-25,bp,"cg3-6,4,15",15,9,5,3,64.83212995529175,443.992299521493,/
03-02-2026-01-25,bp,"ci4-2,3,30",30,4,2,8,38.332103967666626,593.7920170658047,/
03-02-2026-01-25,c,"cf2-2,3,30",30,4,2,7,84.64641404151917,593.3996169547154,/
03-02-2026-01-25,bp,"ce5-6,4,15",15,9,5,3,96.25972890853882,417.26225979432695,/
03-02-2026-01-25,bp,"cg2-2,3,30",30,4,2,7,91.58749008178711,594.3468566614558,/
03-02-2026-01-25,bp,"ci5-3,5,30",30,7,4,6,45.279902935028076,546.8018466108075,/
03-02-2026-01-25,bp,"cf5-3,5,30",30,7,4,6,100.56769895553589,585.0294387038082,/
03-02-2026-01-25,c,"ci1-6,4,15",15,9,5,3,42.28048896789551,426.9472686636159,/

03-02-2026-01-25,bp,"cf3-3,5,15",15,7,4,3,54.9698600769043,403.32207761062654,/
03-02-2026-01-25,bp,"cg2-6,4,30",30,9,5,6,100.53752994537354,632.4892169679842,/
03-02-2026-01-25,bp,"ci4-6,4,15",15,9,5,3,51.813716888427734,386.31572934068026,/
03-02-2026-01-25,bp,"ci3-6,4,15",15,9,5,3,52.79211497306824,451.68258804712286,/
03-02-2026-01-25,bp,"ci3-3,5,30",30,7,4,6,53.79299306869507,554.9751015085741,/
03-02-2026-01-25,bp,"cf3-6,4,30",30,9,5,6,62.81836009025574,609.5891189043494,/
03-02-2026-01-25,bp,"cf2-2,3,30",30,4,2,7,64.76693296432495,599.1657577889395,/
03-02-2026-01-25,c,"ci3-3,5,30",30,7,4,6,68.66292405128479,554.9751015085741,/
03-02-2026-01-25,c,"cf3-6,4,30",30,9,5,6,106.09237790107727,594.7478725685984,/
03-02-2026-01-25,bp,"cg3-2,3,30",30,4,2,7,91.66875696182251,585.9925624349564,/
03-02-2026-01-25,bp,"cg4-3,5,30",30,7,4,6,92.28334999084473,562.5225590424513,/
03-02-2026-01-25,c,"cg3-6,4,15",15,9,5,3,106.015878200531,417.95489515322055,/
03-02-2026-01-25,c,"ci4-3,5,30",30,7,4,6,77.26952981948853,555.827465402125,/
03-02-2026-01-25,bp,"ci5-2,3,30",30,4,2,7,70.00277304649353,595.8563850970763,/
03-02-2026-01-25,bp,"cf5-6,4,30",30,9,5,6,126.97471404075623,574.5890945924301,/
03-02-2026-01-25,bp,"ci5-3,5,15",15,7,4,3,74.29828214645386,392.3911538885113,/
03-02-2026-01-25,bp,"cf2-3,5,30",30,7,4,6,85.05355405807495,592.9046466502856,/
03-02-2026-01-25,c,"ce5-2,3,15",15,4,2,4,0.68569016456604,395.8781259888136,/
03-02-2026-01-25,c,"cf2-2,3,15",15,4,2,4,1.0082719326019287,352.0220051760279,/
03-02-2026-01-25,c,"cf1-2,3,15",15,4,2,4,1.4762890338897705,448.9669435159679,/
03-02-2026-01-25,c,"ce4-2,3,20",20,4,2,4,2.5937368869781494,503.85466725470854,/
03-02-2026-01-25,c,"ce5-3,5,15",15,7,4,3,2.8569278717041016,298.27040084693954,/
03-02-2026-01-25,c,"ce5-2,3,20",20,4,2,5,5.9348719120025635,498.34657399158596,/
03-02-2026-01-25,c,"cf1-2,3,20",20,4,2,5,5.987574100494385,447.8958010102846,/
03-02-2026-01-25,bp,"ci4-3,5,15",15,7,4,3,87.32359099388123,352.2501318418779,/
03-02-2026-01-25,bp,"cf3-2,3,30",30,4,2,7,93.60859799385071,621.4571892961891,/
03-02-2026-01-25,c,"cf1-3,5,15",15,7,4,3,7.841618061065674,396.2740675124245,/
03-02-2026-01-25,c,"ce4-3,5,15",15,7,4,3,8.190876007080078,326.76295231178705,/
03-02-2026-01-25,c,"ce4-2,3,30",30,4,2,7,11.935112953186035,580.5961108558959,/
03-02-2026-01-25,c,"cg2-2,3,20",20,4,2,5,138.0588071346283,459.6641816792321,/
03-02-2026-01-26,c,"ce5-2,3,30",30,4,2,7,17.580650806427002,587.4655798083053,/
03-02-2026-01-26,c,"ce4-6,4,15",15,9,5,3,18.75226402282715,346.8660175986562,/
03-02-2026-01-26,bp,"cf4-3,5,30",30,7,4,6,105.22355604171753,577.2945458259887,/
03-02-2026-01-26,bp,"ce5-6,4,30",30,9,5,6,155.32854580879211,578.7460997116618,/
03-02-2026-01-26,bp,"ci1-6,4,30",30,9,5,6,127.19098496437073,646.6358326915308,/
03-02-2026-01-26,bp,"cg4-6,4,30",30,9,5,6,129.0089569091797,561.4873808662724,/
03-02-2026-01-26,bp,"cf4-3,5,15",15,7,4,3,106.7859878540039,352.64305229400117,/
03-02-2026-01-26,bp,"ci3-2,3,50",50,4,2,12,102.41123986244202,901.570756640479,/
03-02-2026-01-26,c,"ci3-6,4,30",30,9,5,6,110.24678897857666,578.6700138619284,/
03-02-2026-01-26,c,"cg4-2,3,30",30,4,2,8,143.77987098693848,574.2420454151568,/
03-02-2026-01-26,c,"cf2-2,3,20",20,4,2,5,22.771147966384888,481.6919241221273,/
03-02-2026-01-26,bp,"ci4-6,4,30",30,9,5,6,104.04344487190247,607.9927614205164,/
03-02-2026-01-26,c,"ce5-3,5,30",30,7,4,6,26.328790187835693,480.4552499646907,/
03-02-2026-01-26,bp,"ce4-2,3,15",15,4,2,4,20.138118982315063,434.6189785639212,/
03-02-2026-01-26,bp,"ce2-2,3,15",15,4,2,5,25.999905109405518,381.3866199192506,/
03-02-2026-01-26,bp,"ce3-2,3,15",15,4,2,4,26.102609872817993,414.091533281825,/
03-02-2026-01-26,bp,"ci5-2,3,50",50,4,2,12,115.30222916603088,909.0890005730073,/
03-02-2026-01-26,bp,"ce2-3,5,15",15,7,4,4,26.896260976791382,436.3645780225566,/
03-02-2026-01-26,bp,"ce4-3,5,15",15,7,4,3,27.181504011154175,347.81134378982705,/
03-02-2026-01-26,bp,"ce3-3,5,15",15,7,4,3,29.455302000045776,398.0751483374023,/
03-02-2026-01-26,bp,"ce5-3,5,30",30,7,4,6,175.40315079689026,543.3794122414788,/
03-02-2026-01-26,bp,"ce3-2,3,20",20,4,2,5,32.082659006118774,488.12489352275907,/
03-02-2026-01-26,c,"cf3-2,3,30",30,4,2,7,167.1573760509491,621.4571892961895,/
03-02-2026-01-26,bp,"ce4-2,3,30",30,4,2,7,34.897765159606934,580.596110855896,/
03-02-2026-01-26,bp,"ce3-2,3,30",30,4,2,8,35.153172969818115,626.5485860165176,/
03-02-2026-01-26,c,"ci2-3,5,30",30,7,4,6,123.6955361366272,594.063478086864,/
03-02-2026-01-26,bp,"ce4-2,3,20",20,4,2,4,42.41574001312256,503.8546672547086,/
03-02-2026-01-26,bp,"ce2-2,3,30",30,4,2,8,47.235814809799194,604.4309836608295,/
03-02-2026-01-26,bp,"ce5-2,3,50",50,4,2,11,190.60133385658264,857.0354160879369,/
03-02-2026-01-26,bp,"ce2-6,4,15",15,9,5,3,49.36800003051758,446.9682295529984,/
03-02-2026-01-26,c,"ce3-2,3,15",15,4,2,4,0.7360739707946777,414.0915332818249,/
03-02-2026-01-26,c,"ce2-3,5,15",15,7,4,4,1.040647029876709,376.67449743063514,/
03-02-2026-01-26,bp,"ce1-6,4,15",15,9,5,3,50.9765989780426,470.2098952907042,/
03-02-2026-01-26,bp,"ce4-6,4,50",50,9,5,9,194.2991819381714,762.2395046885159,/
03-02-2026-01-26,c,"ce2-2,3,15",15,4,2,5,1.4673309326171875,381.38661998751365,/
03-02-2026-01-26,c,"ce4-2,3,15",15,4,2,4,2.663271903991699,434.6189785639234,/
03-02-2026-01-26,c,"ce3-3,5,15",15,7,4,3,3.397331953048706,314.6332082502087,/
03-02-2026-01-26,c,"ce1-2,3,20",20,4,2,5,5.367150068283081,460.4010212136561,/
03-02-2026-01-26,c,"ce1-3,5,15",15,7,4,3,6.374804973602295,404.2600149505403,/
03-02-2026-01-26,c,"ce3-2,3,20",20,4,2,5,6.648254871368408,488.1248935227591,/
03-02-2026-01-26,c,"ce2-2,3,20",20,4,2,5,6.9090399742126465,432.6201248229255,/
03-02-2026-01-26,bp,"cf2-6,4,30",30,9,5,5,152.81268501281738,628.3089240466832,/
03-02-2026-01-26,c,"cg1-6,4,15",15,9,5,3,190.84135699272156,438.79240966109955,/
03-02-2026-01-26,c,"ci5-6,4,30",30,9,5,7,159.24395489692688,579.9707935069298,/
03-02-2026-01-26,c,"cf1-6,4,15",15,9,5,3,72.20776510238647,434.29551490783285,/
03-02-2026-01-26,bp,"cg4-3,5,15",15,7,4,3,182.13825297355652,348.69738810744246,/
03-02-2026-01-26,c,"ce2-6,4,15",15,9,5,3,15.892786026000977,416.41796001933767,/
03-02-2026-01-27,bp,"cf1-6,4,30",30,9,5,6,163.79327011108398,664.6438825392979,/
03-02-2026-01-27,bp,"ce2-3,5,30",30,7,4,6,70.85309219360352,597.6308698529624,/
03-02-2026-01-27,c,"ce5-6,4,30",30,9,5,6,81.09722089767456,531.1841594105867,/
03-02-2026-01-27,c,"ce1-2,3,30",30,4,2,7,23.37990403175354,614.8542627593883,/
03-02-2026-01-27,bp,"cg3-6,4,30",30,9,5,6,190.5617139339447,606.3206497607028,/
03-02-2026-01-27,c,"ci2-6,4,30",30,9,5,6,159.80050683021545,618.4588781659273,/
03-02-2026-01-27,bp,"ce3-6,4,15",15,9,5,3,78.79816198348999,449.46689104833126,/
03-02-2026-01-27,c,"ce1-3,5,30",30,7,4,6,29.96919894218445,559.2960743741348,/
03-02-2026-01-27,c,"ce3-6,4,15",15,9,5,3,30.73557996749878,425.37973631976934,/
03-02-2026-01-27,c,"ce1-6,4,15",15,9,5,3,31.167110919952393,423.66545885005064,/
03-02-2026-01-27,c,"ce2-2,3,30",30,4,2,8,34.681100845336914,604.4309836608294,/
03-02-2026-01-27,bp,"ce4-6,4,30",30,9,5,6,229.10634779930115,605.2906406258311,/
03-02-2026-01-27,c,"cg3-2,3,30",30,4,2,7,216.86872696876526,585.992562434956,/
03-02-2026-01-27,c,"ce3-2,3,30",30,4,2,8,45.8429811000824,625.3372168825175,/
03-02-2026-01-27,c,"ce3-3,5,30",30,7,4,6,45.94578409194946,572.1298211697455,/
03-02-2026-01-27,c,"cf5-2,3,30",30,4,2,6,229.32827496528625,580.4682453344687,/
03-02-2026-01-27,c,"ci1-6,4,30",30,9,5,6,182.8751518726349,617.6992086027003,/
03-02-2026-01-27,bp,"ce3-6,4,30",30,9,5,6,110.83454895019531,580.8337492983572,/
03-02-2026-01-27,bp,"ci3-6,4,30",30,9,5,6,200.88320398330688,584.2233219633831,/
03-02-2026-01-27,bp,"ce2-3,5,50",50,7,4,10,115.62992095947266,744.2567569900916,/
03-02-2026-01-27,c,"cf1-3,5,30",30,7,4,6,124.99067306518555,572.9154264161896,/
03-02-2026-01-27,bp,"ce2-2,3,20",20,4,2,5,117.52179098129272,432.62012482485454,/
03-02-2026-01-27,bp,"ce2-6,4,30",30,9,5,6,119.04334783554077,649.1655224232866,/
03-02-2026-01-27,bp,"cf3-3,5,30",30,7,4,6,214.6866159439087,582.4020819372067,/
03-02-2026-01-28,c,"ce4-3,5,30",30,7,4,6,141.55640983581543,574.1503614326468,/
03-02-2026-01-28,c,"cf5-6,4,30",30,9,5,6,275.05240297317505,543.3347727069486,/
03-02-2026-01-28,bp,"cg1-2,3,30",30,4,2,6,288.82426404953003,548.7775245870073,/
03-02-2026-01-28,c,"ce3-6,4,30",30,9,5,6,96.72182178497314,573.7404376310255,/
03-02-2026-01-28,c,"cf4-3,5,30",30,7,4,6,283.70817399024963,562.4202634777153,/
03-02-2026-01-28,c,"cf2-6,4,30",30,9,5,5,286.3866698741913,612.4595522052244,/
03-02-2026-01-28,c,"cg3-6,4,30",30,9,5,6,290.1100559234619,579.0901607069694,/
03-02-2026-01-28,c,"ci3-2,3,50",50,4,2,12,269.0819458961487,901.570756640499,/
03-02-2026-01-28,c,"cg1-3,5,30",30,7,4,7,303.4408860206604,563.3150852210256,/
03-02-2026-01-28,bp,"cg2-2,3,20",20,4,2,5,317.1781041622162,459.6641816792321,/
03-02-2026-01-28,c,"ce2-6,4,30",30,9,5,6,134.36987400054932,617.2864918448931,/
03-02-2026-01-29,c,"ce2-3,5,30",30,7,4,6,142.76205492019653,583.7433187777685,/
03-02-2026-01-29,bp,"ci5-3,5,50",50,7,4,9,282.5448639392853,730.457372304824,/
03-02-2026-01-29,bp,"ce5-3,5,50",50,7,4,9,337.7617619037628,728.449915009915,/
03-02-2026-01-29,bp,"cg5-6,4,30",30,9,5,5,323.1090588569641,531.9753378207783,/
03-02-2026-01-29,bp,"ci4-3,5,50",50,7,4,10,297.4502680301666,743.554675470292,/
03-02-2026-01-29,c,"cf2-3,5,30",30,7,4,6,344.8362159729004,589.9729225892,/
03-02-2026-01-29,bp,"ci2-6,4,30",30,9,5,6,350.8491258621216,638.3603523936565,/
03-02-2026-01-29,c,"cg2-6,4,30",30,9,5,6,370.30948996543884,599.3686858040887,/
03-02-2026-01-29,bp,"cg2-3,5,30",30,7,4,6,384.1333329677582,569.7505096464042,/
03-02-2026-01-29,c,"ci1-2,3,50",50,4,2,11,330.8421239852905,858.5823907095596,/
03-02-2026-01-29,bp,"cf5-2,3,50",50,4,2,11,390.30421209335327,884.6124850704075,/
03-02-2026-01-30,c,"cf4-6,4,30",30,9,5,5,386.2319881916046,583.7625972455997,/
03-02-2026-01-30,bp,"cg4-6,4,50",50,9,5,9,380.2684259414673,734.6304763699957,/
03-02-2026-01-30,c,"cf5-3,5,30",30,7,4,6,407.62676215171814,523.2145956095126,/
03-02-2026-01-30,bp,"ci4-6,4,50",50,9,5,9,372.83338499069214,766.1060066969869,/
03-02-2026-01-31,bp,"ce2-2,3,50",50,4,2,12,314.2284150123596,929.5958688647884,/
03-02-2026-01-31,c,"ci4-6,4,30",30,9,5,6,421.9470579624176,590.1071220838071,/
03-02-2026-01-31,bp,"ce4-2,3,50",50,4,2,12,333.08691906929016,863.4433060810143,/
03-02-2026-01-31,c,"ci4-2,3,50",50,4,2,11,433.4391839504242,855.0023540299476,/
03-02-2026-01-31,c,"ci5-2,3,50",50,4,2,12,448.0770800113678,909.0890005730073,/
03-02-2026-01-32,c,"cg2-2,3,30",30,4,2,7,514.6333420276642,594.3468566614558,/
03-02-2026-01-32,bp,"cf3-6,4,50",50,9,5,9,494.38994908332825,848.3777086658865,/
03-02-2026-01-32,c,"cg5-3,5,30",30,7,4,5,491.30132007598877,466.67533219412917,/
03-02-2026-01-33,c,"ce1-6,4,30",30,10,5,6,380.1652121543884,603.5253139376805,/
03-02-2026-01-33,bp,"ce1-6,4,50",50,9,5,10,448.3942949771881,824.0065854567899,/
03-02-2026-01-33,c,"cf1-2,3,30",30,4,2,7,457.345988035202,610.6036536130316,/
03-02-2026-01-33,c,"cg2-3,5,30",30,7,4,6,590.2167479991913,557.6223701822455,/
03-02-2026-01-33,bp,"ce3-6,4,50",50,9,5,10,474.8660740852356,823.6656526004857,/
03-02-2026-01-33,c,"cf3-3,5,30",30,7,4,6,610.3945279121399,563.2165316478795,/
03-02-2026-01-33,c,"ce4-6,4,30",30,9,5,6,493.56212091445923,588.3241020826732,/
03-02-2026-01-34,bp,"cf4-2,3,50",50,4,2,11,598.9339261054993,870.2565003779573,/
03-02-2026-01-34,c,"ce5-2,3,50",50,4,2,11,527.1491129398346,857.0354160879369,/
03-02-2026-01-34,c,"cg5-6,4,30",30,9,5,5,612.9717118740082,500.72101593529686,/
03-02-2026-01-34,bp,"cg2-3,5,50",50,7,4,10,676.4809529781342,720.6513103719649,/
03-02-2026-01-34,bp,"cg5-3,5,30",30,7,4,5,657.2956960201263,532.0242776438455,/
03-02-2026-01-35,c,"cg4-6,4,30",30,9,5,6,681.8759019374847,544.5208423231145,/
03-02-2026-01-35,bp,"ci4-2,3,50",50,4,2,11,661.085834980011,859.259271259388,/
03-02-2026-01-35,c,"ce2-3,5,50",50,7,4,10,521.7828781604767,744.2567569900943,/
03-02-2026-01-35,bp,"cg1-6,4,30",30,9,5,6,723.7268800735474,611.0225690012259,/
03-02-2026-01-36,c,"cg5-2,3,30",30,4,2,7,697.19886302948,581.3717734250665,/
03-02-2026-01-36,c,"ce5-3,5,50",50,7,4,9,660.8024508953094,728.4499150099153,/
03-02-2026-01-36,bp,"cg3-3,5,30",30,7,4,6,783.2922420501709,606.8093576150204,/
03-02-2026-01-37,c,"ci2-3,5,50",50,7,4,10,811.8704900741577,733.06895306762,/
03-02-2026-01-38,c,"ce1-2,3,50",50,4,2,12,709.9893250465393,904.6791718182776,/
03-02-2026-01-38,bp,"cf3-2,3,50",50,4,2,12,855.7701179981232,930.5557574215891,/
03-02-2026-01-40,c,"ci1-3,5,50",50,7,4,9,939.6395840644836,733.0433832368814,/
03-02-2026-01-40,c,"ci2-6,4,50",50,9,5,9,960.0851049423218,807.5137636617125,/
03-02-2026-01-40,bp,"cf1-6,4,50",50,9,5,9,974.7589280605316,847.9685517401795,/
03-02-2026-01-40,bp,"ci5-6,4,30",30,9,5,7,974.0572030544281,611.2251153924108,/
03-02-2026-01-40,bp,"ce4-3,5,50",50,7,4,9,894.1249299049377,732.0783093830476,/
03-02-2026-01-41,c,"ci5-6,4,50",50,9,5,9,1033.735650062561,833.3081697422997,/
03-02-2026-01-41,bp,"ce3-3,5,30",30,7,4,6,946.2041668891907,584.8424355966068,/
03-02-2026-01-41,bp,"ci1-6,4,50",50,9,5,9,1068.5062518119812,809.5368334616915,/
03-02-2026-01-42,c,"cg4-3,5,30",30,7,4,6,1100.925343990326,542.6743468273072,/
03-02-2026-01-42,c,"ce2-2,3,50",50,4,2,12,938.8198690414429,929.5958688647884,/
03-02-2026-01-42,c,"ce1-6,4,50",50,9,5,10,975.9882700443268,806.0747425210587,/
03-02-2026-01-43,bp,"ci2-6,4,50",50,9,5,9,1193.940183877945,840.7032772371002,/
03-02-2026-01-43,c,"ci4-6,4,50",50,9,5,9,1183.9241440296173,753.5008396502908,/
03-02-2026-01-44,bp,"ci3-3,5,50",50,7,4,10,1191.6276969909668,734.8436101581707,/
03-02-2026-01-44,c,"ce1-3,5,50",50,7,4,10,1055.4140691757202,747.158171669298,/
03-02-2026-01-45,c,"ce4-6,4,50",50,9,5,9,1161.4892802238464,748.6470667756976,/
03-02-2026-01-47,bp,"ce1-2,3,30",30,4,2,7,1452.217749118805,614.8542627593885,/
03-02-2026-01-49,c,"cg1-6,4,30",30,9,5,6,1523.1875350475311,584.7583775511673,/
03-02-2026-01-49,bp,"ce1-6,4,30",30,10,5,6,1407.1467311382294,625.0335686348885,/
03-02-2026-01-50,bp,"cf4-3,5,50",50,7,4,10,1627.2004790306091,734.2386477530698,/
03-02-2026-01-51,bp,"cg2-2,3,50",50,4,2,11,1664.945895910263,869.4055745620697,/
03-02-2026-01-51,c,"ce4-3,5,50",50,7,4,9,1545.4818999767303,732.0783093830473,/
03-02-2026-01-53,c,"ci4-3,5,50",50,7,4,10,1763.027547121048,743.554675470291,/
03-02-2026-01-54,c,"ce5-6,4,50",50,9,5,9,1750.2049479484558,788.151197489532,/
03-02-2026-01-56,bp,"cf3-3,5,50",50,7,4,10,1930.984706878662,740.6913550173068,/
03-02-2026-01-58,c,"cg3-3,5,30",30,7,4,6,2065.8874769210815,578.9540100136132,/
03-02-2026-01-58,c,"cf1-6,4,30",30,9,5,6,1958.0467619895935,638.6215188597548,/
03-02-2026-01-58,c,"ci1-6,4,50",50,9,5,9,2034.7641260623932,798.3069700662265,/
03-02-2026-02-00,c,"ce3-6,4,50",50,9,5,10,2046.4023370742798,806.7499969562032,/
03-02-2026-02-00,c,"ci5-3,5,50",50,7,4,9,2195.82249212265,730.028027536933,/
03-02-2026-02-01,bp,"cg5-3,5,50",50,7,4,10,2261.222165107727,734.297541592402,/
03-02-2026-02-03,c,"cg4-6,4,50",50,9,5,9,2370.1950340270996,714.3846426387076,/
03-02-2026-02-03,bp,"cg1-2,3,50",50,4,2,11,2394.9212107658386,830.3738660213644,/
03-02-2026-02-05,c,"ce4-2,3,50",50,4,2,12,2373.0962421894073,863.4433060810156,/
03-02-2026-02-07,bp,"cf5-6,4,50",50,9,5,9,2629.3267619609833,869.1607843357073,/
03-02-2026-02-09,c,"ci2-2,3,50",50,4,2,12,2725.0234570503235,945.7812721458064,/
03-02-2026-02-12,bp,"cf2-3,5,50",50,7,4,10,2862.587482213974,766.4364529843597,/
03-02-2026-02-16,bp,"cg3-3,5,50",50,7,4,10,3131.453106880188,709.9509426919051,/
03-02-2026-02-16,c,"ci3-6,4,50",50,9,5,10,3122.6858971118927,832.395891662743,/
03-02-2026-02-16,bp,"cf4-6,4,50",50,9,5,9,3183.6637501716614,786.9236342416373,/
03-02-2026-02-18,bp,"ci3-6,4,50",50,9,5,10,3220.8882479667664,849.3115473070271,/
03-02-2026-02-18,bp,"ce1-3,5,50",50,7,4,10,3181.8154788017273,747.1581716692968,/
03-02-2026-02-22,c,"ce2-6,4,50",50,9,5,9,3367.67706489563,834.1720070602807,/
03-02-2026-02-22,c,"ce3-2,3,50",50,4,2,12,3373.9906837940216,927.1674916836239,/
03-02-2026-02-23,bp,"ce2-6,4,50",50,9,5,9,3451.2063241004944,858.6047381912606,/
03-02-2026-02-24,bp,"cf2-2,3,50",50,4,2,10,3611.0941519737244,871.4055192546507,/
03-02-2026-02-39,bp,"cf2-6,4,50",50,9,5,10,4483.467826843262,899.326492355375,/
03-02-2026-02-40,c,"cg1-2,3,50",50,4,2,11,4612.537986040115,830.3738660214374,/
03-02-2026-02-46,bp,"ci5-6,4,50",50,9,5,9,4935.63618683815,863.2141620097491,/
03-02-2026-02-47,bp,"cf1-2,3,30",30,4,2,7,5027.868123054504,610.6036536130316,/
03-02-2026-02-54,bp,"ci2-3,5,50",50,7,4,10,5437.368889093399,733.06895306762,/
03-02-2026-03-04,bp,"cg4-3,5,50",50,7,4,10,6025.84588098526,743.1501653622407,/
03-02-2026-03-18,bp,"cg5-2,3,50",50,4,2,11,6880.25212097168,843.6691479790622,/
03-02-2026-03-31,c,"cf2-3,5,50",50,7,4,10,7681.067075967789,766.4364529843598,/
03-02-2026-03-43,c,"ci3-3,5,50",50,7,4,10,8350.518283128738,734.7370356655524,/
03-02-2026-03-54,bp,"ce3-3,5,50",50,7,4,9,8894.480954885483,707.0499370326282,/
03-02-2026-03-57,c,"ce3-3,5,50",50,7,4,9,9023.792648077011,705.8567385806214,/
03-02-2026-04-00,bp,"ce5-6,4,50",50,9,5,9,9417.4106798172,815.9994894697309,/
03-02-2026-04-22,bp,"ci2-2,3,50",50,4,2,12,10707.956194162369,945.7812721458063,/
03-02-2026-04-24,c,"cf4-6,4,50",50,9,5,9,10844.687377929688,775.231515834943,0.005273612734560434
03-02-2026-04-24,c,"cf5-3,5,50",50,7,4,9,10850.823155879974,742.2162789612182,0.016734873042971363
03-02-2026-04-24,c,"cf4-3,5,100",100,7,4,20,10853.410228013992,1311.504897136802,0.08263464278614348
03-02-2026-04-24,c,"cg3-3,5,50",50,7,4,10,10853.407050132751,703.1304694279428,0.01030608280429037
03-02-2026-04-24,c,"cg3-6,4,50",50,9,5,10,10854.107897996902,786.5064664884293,0.005027815775373588
03-02-2026-04-24,c,"cf3-6,4,100",100,9,5,18,10860.372694015503,1418.831231222048,0.06787184938891269
03-02-2026-04-24,c,"cg2-6,4,50",50,9,5,9,10857.97980594635,784.997379175838,0.008185698661556223
03-02-2026-04-24,c,"cg2-3,5,50",50,7,4,10,10858.66178894043,720.6513103719648,0.007193936576593716
7
03-02-2026-04-24,c,"cg2-2,3,50",50,4,2,11,10861.089444160461,869.405574562187,0.008419169732445095
03-02-2026-04-24,c,"cg1-6,4,100",100,9,5,18,10861.525993824005,1351.8056673318436,0.10296081284574428
03-02-2026-04-24,c,"cg2-3,5,100",100,7,4,19,10861.463855028152,1203.0237441539912,0.08039688464586964
03-02-2026-04-24,c,"cg4-2,3,50",50,4,2,11,10861.741394042969,851.4229013483098,0.010270333902854856
03-02-2026-04-24,c,"cg1-6,4,50",50,9,5,9,10864.712709903717,777.3590483029205,0.00858398659222801
03-02-2026-04-24,c,"cg1-3,5,50",50,7,4,9,10870.213292121887,727.8770148121218,0.01636191487243003
03-02-2026-04-24,c,"cg1-3,5,100",100,7,4,20,10871.298681974411,1267.7012540585633,0.07182990620316439
03-02-2026-04-24,c,"cg2-2,3,100",100,4,2,22,10874.762212991714,1539.2317152587439,0.0534883628515166
03-02-2026-04-25,c,"ci5-2,3,100",100,4,2,23,10856.305299043655,1544.0321929288923,0.03784291133669257
03-02-2026-04-25,c,"ci5-6,4,100",100,9,5,19,10857.738644123077,1316.9406220197584,0.016459183694037652
03-02-2026-04-25,c,"ci3-3,5,100",100,7,4,19,10860.71490907669,1200.034014903406,0.019521926900514634
03-02-2026-04-25,c,"ci4-2,3,100",100,4,2,22,10861.62238907814,1580.4354447352957,0.04570730619137651
03-02-2026-04-25,c,"ci3-6,4,100",100,9,5,17,10863.75929903984,1329.1675073217807,0.02095160847626479
03-02-2026-04-25,c,"ci4-3,5,100",100,7,4,19,10864.22152018547,1194.2862814088107,0.02517564631337707
03-02-2026-04-25,c,"ci2-3,5,100",100,7,4,19,10854.527559995651,1195.3316045573174,0.016557840452315793
03-02-2026-04-25,c,"ci3-2,3,100",100,4,2,22,10857.958174943924,1378.0782145918101,0.013895431725717531
03-02-2026-04-25,c,"ci2-6,4,100",100,9,5,18,10859.239135026932,1354.6936403407913,0.024066151217272656
03-02-2026-04-25,c,"cg5-6,4,50",50,9,5,10,10861.496058940887,867.8516229397983,0.015825311950689754
03-02-2026-04-25,c,"ci1-2,3,100",100,4,2,23,10862.368431091309,1473.8341385875976,0.014989858613723872
03-02-2026-04-25,c,"ce1-2,3,100",100,4,2,24,10857.472950935364,1519.2963371388778,0.022765417861357617
03-02-2026-04-25,c,"ci1-3,5,100",100,7,4,19,10865.299819946289,1435.8396041557037,0.036913415365432495
03-02-2026-04-25,c,"ci1-6,4,100",100,9,5,19,10871.815972089767,1328.376238873399,0.021188158375982084
03-02-2026-04-26,c,"ce5-2,3,100",100,4,2,23,10856.513339996338,1531.9661835542465,0.01958732335965337
03-02-2026-04-26,c,"cf1-6,4,50",50,9,5,9,10860.642719984055,830.0367088044484,0.01935648827185297
03-02-2026-04-26,c,"cf1-3,5,100",100,7,4,19,10861.807110071182,1336.072401031504,0.07276314080999942
03-02-2026-04-26,c,"ce5-6,4,100",100,9,5,19,10862.944630146027,1316.9406220197584,0.016815463223285896
03-02-2026-04-26,c,"ce5-3,5,100",100,7,4,19,10866.255023956299,1231.9807991187076,0.020919355701597735
03-02-2026-04-27,c,"ce1-3,5,100",100,7,4,19,10853.863873004913,1301.0137739488678,0.055624871162716846
03-02-2026-04-27,c,"ce3-2,3,100",100,4,2,23,10858.403362035751,1410.2532340129435,0.011626640230482627
03-02-2026-04-27,c,"ce4-2,3,100",100,4,2,24,10859.979112148285,1629.6003943706191,0.03145266357500393
03-02-2026-04-27,c,"ce2-3,5,100",100,7,4,19,10860.361415147781,1225.9003331385131,0.018409286807411652
03-02-2026-04-27,c,"ce3-3,5,100",100,7,4,18,10860.574074983597,1162.6395156494013,0.033090067889906705
03-02-2026-04-27,c,"ce2-6,4,100",100,9,5,17,10860.66262292862,1341.9425164569639,0.05625023111088821
03-02-2026-04-27,c,"ce3-6,4,100",100,9,5,19,10861.31363606453,1433.7097665282922,0.04033286145746912
03-02-2026-04-27,c,"ce1-6,4,100",100,9,5,18,10869.558829069138,1311.2865572998876,0.02591230638713584
03-02-2026-04-35,bp,"cg1-3,5,50",50,7,4,9,11493.957420110703,724.6317248082734,/
03-02-2026-04-46,bp,"cf1-3,5,50",50,7,4,9,12179.718178987503,731.3016273422476,/
03-02-2026-04-54,bp,"ce3-2,3,50",50,4,2,12,12543.104380130768,927.1674916836239,/
03-02-2026-04-57,bp,"cg3-6,4,50",50,9,5,10,12793.36082983017,803.4221221327138,/
03-02-2026-04-57,bp,"ci3-2,3,100",100,4,2,22,12774.062621116638,1370.4097111858102,/
03-02-2026-05-20,bp,"cf5-3,5,50",50,7,4,9,14220.769862890244,742.2162789612182,/
03-02-2026-15-20,bp,"ci1-6,4,15",9,5,3,6.029320001602173,466.1271320515768,/
03-02-2026-15-23,bp,"ce1-3,5,15",7,4,3,4.249583005905151,417.3541695284085,/
03-02-2026-15-24,c,"ce1-3,5,15",15,7,4,3,1.3193531036376953,404.26001495054044,/
03-02-2026-15-24,bp,"ce1-3,5,15",7,4,3,2.9422550201416016,417.3541695284085,/
03-02-2026-15-24,c,"ce1-3,5,15",15,7,4,3,1.327744960784912,404.26001495054044,/
03-02-2026-15-24,bp,"ce1-3,5,15",7,4,3,2.970026969909668,417.3541695284085,/
03-02-2026-15-27,c,"ce1-3,5,15",15,7,4,3,1.3033521175384521,404.26001495054044,/
03-02-2026-15-33,c,"ce1-2,3,20",20,4,2,5,1.1696579456329346,460.40102121365607,/
03-02-2026-15-35,c,"ce1-2,3,30",30,4,2,7,6.250219821929932,614.854262759492,/
03-02-2026-15-43,c,"ce1-2,3,15",15,4,2,4,0.35666704177856445,444.2782135577058,/
03-02-2026-15-43,c,"ce1-2,3,20",20,4,2,5,1.2295160293579102,460.40102121365607,/
03-02-2026-15-45,c,"ce1-2,3,20",20,4,2,5,1.2545559406280518,460.40102121365607,/
03-02-2026-15-45,c,"ce1-2,3,20",20,4,2,5,1.1874659061431885,460.40102121365607,/
03-02-2026-15-47,c,"ce1-2,3,20",20,4,2,5,1.1878440380096436,460.40102121365607,/
03-02-2026-15-48,c,"ce1-3,5,15",15,7,4,3,1.3380839824676514,404.26001495054044,/
03-02-2026-15-52,c,"ce1-3,5,15",15,7,4,3,1.3324599266052246,404.26001495054044,/
03-02-2026-15-53,c,"ce1-3,5,15",15,7,4,3,1.3742971420288086,404.26001495054044,/
03-02-2026-15-55,c,"ce1-3,5,15",15,7,4,3,1.315412998199463,404.26001495054044,/
03-02-2026-15-56,c,"ce1-3,5,15",15,7,4,3,1.3226919174194336,404.26001495054044,/
03-02-2026-15-57,c,"ce1-3,5,15",15,7,4,3,1.3228490352630615,404.26001495054044,/
03-02-2026-15-58,c,"ce1-3,5,15",15,7,4,3,1.3320260047912598,404.26001495054044,/
03-02-2026-15-59,c,"ce1-3,5,15",15,7,4,3,1.3530969619750977,404.26001495054044,/
03-02-2026-16-00,c,"ce1-3,5,15",15,7,4,3,1.398042917251587,404.26001495054044,/
03-02-2026-16-02,c,"ce1-6,4,15",15,9,5,3,6.813849925994873,423.66545885005075,/
03-02-2026-16-06,c,"ce1-2,3,20",20,4,2,5,1.1817970275878906,460.40102121365607,/
03-02-2026-16-10,c,"ce1-2,3,30",30,4,2,7,6.387259006500244,614.854262759492,/
03-02-2026-16-22,c,"ce1-2,3,30",30,4,2,7,6.32633900642395,614.854262759492,/
03-02-2026-16-31,c,"ce1-2,3,30",30,4,2,7,6.327085971832275,614.854262759492,/
05-02-2026-10-44,c,"ce1-2,3,30",30,4,2,7,6.693563938140869,614.854262759492,/
05-02-2026-14-30,c,"ce1-2,3,20",20,4,2,5,1.2096011638641357,460.40102121365607,/
05-02-2026-14-33,c,"ce4-2,3,20",20,4,2,4,1.0262858867645264,503.85466725470866,/
05-02-2026-14-37,c,"ce4-2,3,20",20,4,2,4,1.031775951385498,503.85466725470866,/
05-02-2026-14-39,c,"ce4-2,3,20",20,4,2,4,1.018341064453125,503.85466725470866,/
05-02-2026-14-39,c,"ce4-2,3,20",20,4,2,4,1.034162998199463,503.85466725470866,/
05-02-2026-14-40,c,"ce4-2,3,20",20,4,2,4,1.0446500778198242,503.85466725470866,/
05-02-2026-14-46,c,"ce4-2,3,30",30,4,2,7,2.7140281200408936,580.5961108558962,/
