id,parent,cgLowerBound,FS,rdtCG,rdtFS,Child,Child
0,0,583.763,0.0,583.763,0.0,Integer,,7-26-7 = 1.0,10-36-10 = 1.0,10-21-32-10 = 1.0,10-18-39-16-8 = 1.0,7-22-28-23-7 = 1.0,7-27-38-37-7 = 1.0,7-25-35-24-7 = 1.0,8-14-13-29-8 = 1.0,8-31-12-11-19-10 = 1.0,8-30-17-40-33-20-8 = 1.0,2-34-15-2 = 1.0
0,0,590.21,0.0,590.21,0.0,Prune by CG,,7-26-7 = 1.0,7-34-15-23-7 = 0.4,7-28-34-15-7 = 0.2,10-21-32-10 = 1.0,10-18-36-10 = 1.0,7-22-28-23-7 = 0.6,7-27-38-37-7 = 1.0,7-22-34-15-7 = 0.4,7-25-35-24-7 = 1.0,7-28-40-33-12-9 = 0.2,9-14-13-29-9 = 0.6,9-14-13-31-12-9 = 0.4,7-17-40-20-11-9 = 0.2,9-39-19-9 = 0.2,9-39-16-19-9 = 0.4,9-31-29-16-9 = 0.4,9-30-40-31-16-9 = 0.2,9-30-17-40-33-20-7 = 0.4,9-30-17-33-20-11-9 = 0.4,9-39-12-11-19-9 = 0.4
0,0,600.155,0.0,600.155,0.0,Prune by CG,,7-26-7 = 1.0,7-38-21-25-7 = 0.048,7-28-34-15-7 = 0.298,7-22-28-23-7 = 0.44,7-27-38-37-7 = 0.952,7-37-25-23-7 = 0.048,7-22-34-15-7 = 0.56,7-25-35-24-7 = 0.397,7-23-24-35-7 = 0.095,7-34-15-20-11-9 = 0.143,7-23-24-11-9 = 0.417,7-28-40-33-12-9 = 0.262,9-14-13-29-9 = 0.647,9-14-13-31-12-9 = 0.353,9-39-16-9 = 0.647,9-12-33-20-24-7 = 0.091,7-17-40-20-11-9 = 0.06,9-39-19-9 = 0.353,9-31-29-16-9 = 0.353,9-30-40-20-11-9 = 0.06,9-30-17-40-33-20-9 = 0.325,9-30-17-40-31-12-9 = 0.294,9-30-17-33-20-11-9 = 0.321,9-18-36-32-7 = 0.329,9-18-21-19-9 = 0.163,7-27-21-32-7 = 0.048,9-36-32-19-9 = 0.437,9-18-21-25-35-7 = 0.508,7-21-36-32-7 = 0.187,7-21-36-19-9 = 0.048
0,0,613.226,0.0,613.226,0.0,Prune by CG,,8-16-8 = 0.036,7-26-7 = 0.643,7-38-25-19-8 = 0.036,7-38-21-25-7 = 0.214,7-28-34-15-7 = 0.429,7-22-28-23-7 = 0.25,7-22-28-30-12-8 = 0.179,7-27-38-37-7 = 0.714,7-26-23-24-7 = 0.071,7-38-17-33-12-8 = 0.036,7-28-17-40-31-8 = 0.143,7-22-34-15-7 = 0.393,7-22-34-15-20-8 = 0.179,7-25-35-24-7 = 0.429,7-23-24-11-8 = 0.25,7-23-24-35-7 = 0.143,8-39-16-8 = 0.964,8-14-13-29-8 = 1.0,8-31-12-11-19-8 = 0.75,8-31-33-24-35-7 = 0.107,8-30-17-40-33-20-8 = 0.821,7-26-37-23-7 = 0.286,7-27-21-32-7 = 0.143,7-21-36-32-7 = 0.321,8-18-21-25-35-7 = 0.321,8-18-36-32-7 = 0.536,8-40-33-12-19-8 = 0.036,7-27-18-36-19-8 = 0.143,8-39-19-8 = 0.036
0,0,593.677,0.0,593.677,0.0,Prune by CG,,8-16-8 = 1.0,7-26-7 = 1.0,7-34-15-23-7 = 0.333,7-28-34-15-7 = 0.333,10-21-32-10 = 1.0,10-18-36-10 = 1.0,7-22-28-23-7 = 0.667,7-27-38-37-7 = 1.0,7-22-34-15-7 = 0.333,7-25-35-24-7 = 1.0,8-14-13-29-8 = 1.0,8-30-17-40-31-8 = 0.5,8-31-12-33-20-11-8 = 0.5,8-30-17-40-33-20-8 = 0.5,9-39-19-9 = 0.5,9-39-12-11-19-9 = 0.5
0,0,600.229,0.0,600.229,0.0,Prune by CG,,8-16-8 = 1.0,7-26-7 = 1.0,9-39-9 = 1.0,7-38-21-25-7 = 0.143,7-28-34-15-7 = 0.286,7-28-34-15-20-8 = 0.143,7-22-28-23-7 = 0.286,7-22-28-30-12-8 = 0.143,7-27-38-37-7 = 0.857,7-37-25-23-7 = 0.143,7-28-17-40-31-8 = 0.143,7-22-34-15-7 = 0.571,7-25-35-24-7 = 0.286,7-23-24-11-8 = 0.286,7-23-24-35-7 = 0.286,8-14-13-29-8 = 1.0,8-31-12-33-24-7 = 0.143,8-30-17-40-33-20-8 = 0.714,9-18-36-32-7 = 0.143,9-18-36-32-9 = 0.286,9-18-36-19-9 = 0.143,7-27-21-32-7 = 0.143,9-36-32-19-9 = 0.143,9-18-21-25-35-7 = 0.429,7-21-36-32-7 = 0.286,8-31-12-11-19-9 = 0.714,9-30-17-40-33-20-8 = 0.143
0,0,607.032,0.0,607.032,0.0,Prune by CG,,7-26-7 = 1.0,7-38-37-7 = 0.525,7-38-21-25-7 = 0.033,7-22-28-23-7 = 0.754,7-22-28-30-12-8 = 0.164,7-27-38-37-7 = 0.443,7-37-24-7 = 0.033,7-28-17-40-31-8 = 0.082,7-25-35-24-7 = 0.623,7-23-24-11-8 = 0.213,7-23-24-35-7 = 0.033,7-22-17-40-31-8 = 0.082,8-39-16-8 = 1.0,8-14-13-29-8 = 1.0,8-31-12-11-19-8 = 0.721,8-31-12-33-20-11-8 = 0.066,8-31-33-20-24-7 = 0.049,8-30-17-40-33-20-8 = 0.836,2-34-15-2 = 1.0,7-27-21-32-7 = 0.279,7-21-36-32-7 = 0.344,8-18-21-25-35-7 = 0.344,8-18-36-32-7 = 0.377,7-27-18-36-19-8 = 0.279,8-12-33-20-24-7 = 0.049
0,0,596.118,0.0,596.118,0.0,Prune by CG,,7-26-7 = 1.0,2-34-2 = 0.059,10-21-32-10 = 1.0,10-18-36-10 = 1.0,7-22-28-23-7 = 1.0,7-27-38-37-7 = 1.0,7-25-35-24-7 = 1.0,2-34-15-2 = 0.941,9-14-13-29-9 = 0.529,9-14-13-31-12-9 = 0.412,7-17-40-20-11-9 = 0.059,7-17-40-33-11-9 = 0.059,9-39-16-19-9 = 0.412,9-31-29-16-9 = 0.471,9-30-40-31-16-9 = 0.118,9-30-17-40-33-20-7 = 0.118,9-30-17-40-33-20-9 = 0.529,9-30-17-33-20-11-9 = 0.235,9-39-12-11-19-9 = 0.588,2-40-33-20-11-9 = 0.059,9-14-13-40-15-2 = 0.059
0,0,624.211,0.0,624.211,0.0,Prune by CG,,7-26-7 = 0.014,7-28-34-15-7 = 0.07,10-21-32-10 = 0.521,10-18-36-10 = 0.521,7-22-28-23-7 = 0.042,7-27-37-25-10 = 0.479,7-27-38-37-7 = 0.521,7-26-23-24-7 = 0.958,7-28-40-33-20-7 = 0.218,10-21-38-25-10 = 0.479,7-22-34-15-7 = 0.93,7-25-35-24-7 = 0.042,10-30-40-20-11-35-10 = 0.106,10-18-36-32-10 = 0.479,10-14-13-31-12-10 = 0.141,7-14-13-31-11-7 = 0.359,10-30-17-33-12-11-10 = 0.359,10-39-16-19-10 = 1.0,7-14-13-29-7 = 0.5,7-28-40-17-35-7 = 0.43,10-30-12-31-29-20-7 = 0.479,7-17-33-20-11-35-7 = 0.176,10-30-17-40-33-35-10 = 0.035,7-22-28-26-7 = 0.028,7-28-40-33-35-7 = 0.211,7-30-12-31-29-20-7 = 0.021
0,0,600.729,0.0,600.729,0.0,Prune by CG,,7-26-7 = 1.0,10-36-10 = 1.0,10-21-32-10 = 1.0,10-18-39-16-8 = 1.0,7-22-28-23-7 = 1.0,7-27-38-37-7 = 1.0,7-25-35-24-7 = 1.0,8-14-13-29-8 = 1.0,8-31-12-11-19-10 = 1.0,8-30-17-40-33-20-8 = 1.0,2-34-15-2 = 1.0
0,0,600.649,0.0,600.649,0.0,Prune by CG,,8-16-8 = 1.0,7-26-7 = 1.0,9-39-9 = 1.0,7-22-28-23-7 = 0.727,7-22-28-30-12-8 = 0.182,7-27-38-37-7 = 0.97,7-37-25-23-7 = 0.03,7-28-17-40-31-8 = 0.091,7-25-35-24-7 = 0.758,7-23-24-11-8 = 0.182,7-23-24-35-7 = 0.061,7-22-17-40-31-8 = 0.091,8-14-13-29-8 = 1.0,8-31-12-33-20-11-8 = 0.182,8-30-17-40-33-20-8 = 0.727,2-34-15-2 = 1.0,7-38-25-19-9 = 0.03,9-18-36-32-7 = 0.394,9-18-36-32-9 = 0.091,9-18-36-19-9 = 0.03,9-18-21-19-9 = 0.303,7-27-21-32-7 = 0.03,9-18-21-25-35-7 = 0.182,7-21-36-32-7 = 0.485,8-31-12-11-19-9 = 0.636,9-30-17-40-33-20-8 = 0.091
0,0,591.798,0.0,591.798,0.0,Prune by CG,,8-16-8 = 1.0,7-26-7 = 1.0,9-39-9 = 1.0,10-21-32-10 = 1.0,10-18-36-10 = 1.0,7-22-28-23-7 = 1.0,7-27-38-37-7 = 1.0,7-25-35-24-7 = 1.0,8-14-13-29-8 = 1.0,2-34-15-2 = 1.0,8-31-12-11-19-9 = 1.0,9-30-17-40-33-20-8 = 1.0
0,0,606.602,0.0,606.602,0.0,Prune by CG,,7-26-7 = 1.0,9-39-9 = 0.12,7-22-28-23-7 = 0.88,7-27-38-37-7 = 0.96,7-37-25-23-7 = 0.04,7-25-35-24-7 = 0.92,7-23-24-35-7 = 0.08,2-34-15-2 = 1.0,7-38-25-19-9 = 0.04,7-28-40-33-12-9 = 0.12,7-22-40-33-12-9 = 0.12,9-14-13-29-9 = 0.6,9-14-13-31-12-9 = 0.4,9-39-16-9 = 0.44,7-17-40-20-11-9 = 0.2,9-39-19-9 = 0.12,9-31-29-16-9 = 0.4,9-30-40-20-11-9 = 0.04,9-30-40-31-16-9 = 0.16,9-30-17-40-33-20-9 = 0.32,9-30-17-40-31-12-9 = 0.04,9-30-17-33-20-11-9 = 0.44,9-39-12-11-19-9 = 0.32,9-18-36-32-7 = 0.52,9-18-21-19-9 = 0.48,7-27-21-32-7 = 0.04,7-21-36-32-7 = 0.44,7-21-36-19-9 = 0.04
0,0,610.115,0.0,610.115,0.0,Prune by CG,,7-26-7 = 1.0,10-36-10 = 0.4,7-28-34-15-7 = 0.5,10-21-25-19-10 = 0.4,10-21-25-35-11-8 = 0.1,10-21-32-10 = 0.5,10-18-39-16-8 = 0.4,10-18-36-10 = 0.1,10-25-35-24-7 = 0.1,7-22-28-23-7 = 0.5,7-27-38-37-7 = 1.0,7-22-34-15-7 = 0.5,7-25-35-24-7 = 0.4,7-23-24-11-8 = 0.1,7-23-24-35-7 = 0.4,8-39-16-8 = 0.6,10-18-36-32-10 = 0.5,8-14-13-29-8 = 1.0,8-31-12-11-19-10 = 0.6,8-31-12-33-20-11-8 = 0.2,8-30-17-40-33-20-8 = 0.8,8-30-17-40-12-31-8 = 0.2
0,0,598.416,0.0,598.416,0.0,Prune by CG,,7-26-7 = 1.0,10-21-32-10 = 0.969,10-18-36-10 = 0.969,7-22-28-23-7 = 0.992,7-27-37-25-10 = 0.031,7-27-38-37-7 = 0.961,7-27-38-25-35-7 = 0.008,7-37-25-23-7 = 0.008,7-25-35-24-7 = 0.89,10-18-36-32-10 = 0.031,2-34-15-2 = 1.0,10-21-25-19-9 = 0.031,7-38-25-19-9 = 0.031,9-12-33-11-19-9 = 0.315,9-12-33-20-24-7 = 0.11,7-17-40-20-11-9 = 0.213,9-39-19-9 = 0.268,9-39-16-19-9 = 0.354,9-30-40-20-11-35-7 = 0.102,9-30-40-31-16-9 = 0.126,9-30-17-40-33-20-7 = 0.079,9-30-17-40-31-12-9 = 0.197,9-30-17-33-20-11-9 = 0.37,7-22-17-40-31-3 = 0.008,7-28-17-40-31-3 = 0.008,9-30-17-40-33-20-3 = 0.126,3-14-13-29-3 = 0.858,3-13-40-31-29-3 = 0.142,9-39-12-31-16-9 = 0.378,3-14-31-16-9 = 0.142
0,0,616.185,0.0,616.185,0.0,Prune by CG,,8-16-8 = 0.36,7-26-7 = 1.0,7-28-34-15-7 = 0.5,7-22-28-23-7 = 0.5,7-27-38-37-7 = 0.8,7-37-24-7 = 0.04,7-37-25-23-7 = 0.16,7-22-34-15-7 = 0.5,7-25-35-24-7 = 0.44,7-23-24-11-8 = 0.18,7-23-24-35-7 = 0.16,8-39-12-11-19-8 = 0.18,8-39-16-8 = 0.64,8-14-13-29-8 = 1.0,8-31-12-11-19-8 = 0.64,8-31-33-20-24-7 = 0.18,8-30-17-40-33-20-8 = 0.82,8-30-17-40-12-31-8 = 0.18,8-39-19-8 = 0.18,7-38-21-36-5 = 0.2,5-21-36-32-5 = 0.2,5-18-36-32-5 = 0.6,5-18-21-25-35-7 = 0.4,7-27-21-32-5 = 0.2
0,0,612.285,0.0,612.285,0.0,Prune by CG,,7-26-7 = 1.0,7-28-34-15-7 = 0.5,7-22-28-23-7 = 0.5,7-27-38-37-7 = 1.0,7-22-34-15-7 = 0.5,7-25-35-24-7 = 0.5,7-23-24-11-9 = 0.5,9-14-13-29-9 = 0.5,9-14-13-31-12-9 = 0.5,9-39-16-19-9 = 0.5,9-31-29-16-9 = 0.5,9-30-17-40-33-20-9 = 1.0,9-39-12-11-19-9 = 0.5,9-18-21-25-35-7 = 0.5,5-21-36-32-5 = 0.5,5-18-36-32-5 = 0.5
0,0,611.21,0.0,611.21,0.0,Prune by CG,,8-16-8 = 0.046,7-26-7 = 1.0,7-38-21-25-7 = 0.033,7-22-28-23-7 = 0.962,7-22-28-30-12-8 = 0.025,7-27-38-37-7 = 0.8,7-37-24-7 = 0.2,7-28-17-40-31-8 = 0.013,7-25-35-24-7 = 0.638,7-23-24-11-8 = 0.037,7-22-17-40-31-8 = 0.012,8-39-19-11-8 = 0.021,8-39-12-33-24-7 = 0.025,8-39-16-8 = 0.954,8-14-13-29-8 = 1.0,8-30-17-24-35-7 = 0.033,8-31-12-11-19-8 = 0.942,8-31-12-33-24-7 = 0.008,8-31-33-20-24-7 = 0.025,8-40-20-24-7 = 0.033,8-30-17-40-33-20-8 = 0.942,2-34-15-2 = 1.0,7-38-21-36-5 = 0.167,5-21-36-32-5 = 0.2,5-18-36-32-5 = 0.6,5-18-21-36-5 = 0.033,5-18-21-19-8 = 0.037,5-18-21-25-35-7 = 0.329,7-27-21-32-5 = 0.2
0,0,608.043,0.0,608.043,0.0,Prune by CG,,7-26-7 = 1.0,7-34-15-23-7 = 0.3,7-28-34-15-7 = 0.3,10-21-32-10 = 1.0,10-18-36-10 = 1.0,7-22-28-23-7 = 0.6,7-27-38-37-7 = 0.9,7-27-38-25-35-7 = 0.1,7-37-25-23-7 = 0.1,7-22-34-15-7 = 0.4,7-25-35-24-7 = 0.8,9-12-33-11-19-9 = 0.3,9-12-33-20-24-7 = 0.2,7-17-40-20-11-9 = 0.2,9-39-19-9 = 0.3,9-39-16-19-9 = 0.4,9-30-40-20-11-35-7 = 0.1,9-30-40-31-16-9 = 0.2,9-30-17-40-33-20-9 = 0.1,9-30-17-40-31-12-9 = 0.2,9-30-17-33-20-11-9 = 0.4,7-28-17-40-31-3 = 0.1,3-14-13-29-3 = 0.9,3-13-40-31-29-3 = 0.1,9-39-12-31-16-9 = 0.3,3-14-31-16-9 = 0.1
0,0,606.804,0.0,606.804,0.0,Prune by CG,,7-26-7 = 1.0,10-36-10 = 0.4,7-28-34-15-7 = 0.5,10-21-25-19-10 = 0.4,10-21-25-35-11-8 = 0.1,10-21-32-10 = 0.5,10-18-39-16-8 = 0.4,10-18-36-10 = 0.1,10-25-35-24-7 = 0.1,7-22-28-23-7 = 0.5,7-27-38-37-7 = 1.0,7-22-34-15-7 = 0.5,7-25-35-24-7 = 0.4,7-23-24-11-8 = 0.1,7-23-24-35-7 = 0.4,8-39-16-8 = 0.6,10-18-36-32-10 = 0.5,8-14-13-29-8 = 1.0,8-31-12-11-19-10 = 0.6,8-31-12-33-20-11-8 = 0.2,8-30-17-40-33-20-8 = 0.8,8-30-17-40-12-31-8 = 0.2
0,0,607.687,0.0,607.687,0.0,Prune by CG,,7-26-7 = 1.0,7-34-15-23-7 = 0.333,7-28-34-15-7 = 0.333,10-21-32-10 = 1.0,10-18-36-10 = 1.0,7-22-28-23-7 = 0.667,7-27-38-37-7 = 1.0,7-22-34-15-7 = 0.333,7-25-35-24-7 = 1.0,8-14-13-29-8 = 1.0,8-30-17-40-33-20-8 = 1.0,8-31-12-11-19-4 = 1.0,4-39-16-8 = 1.0
0,0,611.47,0.0,611.47,0.0,Prune by CG,,8-16-8 = 1.0,7-26-7 = 1.0,9-39-9 = 1.0,7-34-15-23-7 = 0.25,7-28-34-15-7 = 0.25,7-28-34-15-20-8 = 0.1,7-22-28-23-7 = 0.55,7-22-28-30-12-8 = 0.05,7-27-38-37-7 = 1.0,7-28-17-40-31-8 = 0.05,7-22-34-15-7 = 0.4,7-25-35-24-7 = 0.7,7-23-24-11-8 = 0.2,8-14-13-29-8 = 1.0,8-31-12-33-24-7 = 0.1,8-30-17-40-33-20-8 = 0.4,8-30-17-40-12-31-8 = 0.05,9-18-21-19-9 = 0.2,9-18-21-25-35-7 = 0.3,8-31-12-11-19-9 = 0.8,9-30-17-40-33-20-8 = 0.5,5-21-36-32-5 = 0.5,5-18-36-32-5 = 0.5
0,0,601.062,0.0,601.062,0.0,Prune by CG,,7-26-7 = 1.0,10-21-32-10 = 1.0,10-18-36-10 = 1.0,7-22-28-23-7 = 1.0,7-27-38-37-7 = 1.0,7-25-35-24-7 = 1.0,8-14-13-29-8 = 1.0,8-30-17-40-33-20-8 = 1.0,2-34-15-2 = 1.0,8-31-12-11-19-4 = 1.0,4-39-16-8 = 1.0
0,0,607.745,0.0,607.745,0.0,Prune by CG,,7-26-7 = 1.0,7-38-21-25-7 = 0.027,7-22-28-23-7 = 0.872,7-27-38-37-7 = 0.973,7-37-25-23-7 = 0.027,7-25-35-24-7 = 0.806,7-23-24-35-7 = 0.054,2-34-15-2 = 1.0,7-23-24-11-9 = 0.047,7-28-40-33-12-9 = 0.128,7-22-40-33-12-9 = 0.128,9-12-33-20-24-7 = 0.093,7-17-40-20-11-9 = 0.302,7-17-40-33-11-9 = 0.047,9-39-19-9 = 0.349,9-39-16-19-9 = 0.047,9-30-40-31-16-9 = 0.349,9-30-17-40-31-12-9 = 0.047,9-30-17-33-20-11-9 = 0.605,9-18-36-32-7 = 0.446,9-18-21-19-9 = 0.415,7-27-21-32-7 = 0.027,9-36-32-19-9 = 0.163,9-18-21-25-35-7 = 0.14,7-21-36-32-7 = 0.364,7-21-36-19-9 = 0.027,3-14-13-29-3 = 1.0,9-39-12-31-16-9 = 0.605
0,0,624.087,0.0,624.087,0.0,Prune by CG,,8-16-8 = 1.0,7-26-7 = 0.6,7-38-21-25-7 = 0.1,7-34-15-23-7 = 0.233,7-28-34-15-7 = 0.2,7-22-28-23-7 = 0.067,7-27-38-37-7 = 0.9,7-37-25-23-7 = 0.1,7-26-23-24-7 = 0.4,7-28-17-40-31-8 = 0.367,7-22-34-15-7 = 0.567,7-25-35-24-7 = 0.4,7-23-24-35-7 = 0.2,8-14-13-29-8 = 1.0,8-30-17-40-33-20-8 = 0.633,7-27-21-32-7 = 0.1,7-21-36-32-7 = 0.4,7-22-28-30-39-4 = 0.367,8-39-19-4 = 0.1,8-31-12-11-19-4 = 0.633,4-39-19-4 = 0.167,4-39-12-33-20-11-8 = 0.367,4-18-36-32-4 = 0.167,4-18-36-32-7 = 0.333,4-18-36-19-4 = 0.1,4-18-21-25-35-7 = 0.4
0,0,603.779,0.0,603.779,0.0,Prune by CG,,7-26-7 = 1.0,10-36-10 = 1.0,10-21-32-10 = 1.0,10-18-39-16-8 = 1.0,7-22-28-23-7 = 1.0,7-27-38-37-7 = 1.0,7-25-35-24-7 = 1.0,8-14-13-29-8 = 1.0,8-31-12-11-19-10 = 1.0,8-30-17-40-33-20-8 = 1.0,2-34-15-2 = 1.0
0,0,608.19,0.0,608.19,0.0,Prune by CG,,8-16-8 = 1.0,7-26-7 = 1.0,9-39-9 = 1.0,7-22-28-23-7 = 0.812,7-22-28-30-12-8 = 0.125,7-27-38-37-7 = 1.0,7-28-17-40-31-8 = 0.062,7-25-35-24-7 = 0.688,7-23-24-11-8 = 0.188,7-22-17-40-31-8 = 0.062,8-14-13-29-8 = 1.0,8-31-33-20-24-7 = 0.063,8-30-17-40-33-20-8 = 0.375,2-34-15-2 = 1.0,9-18-21-19-9 = 0.188,9-18-21-25-35-7 = 0.312,8-31-12-11-19-9 = 0.812,9-30-17-40-33-20-8 = 0.5,8-12-33-20-24-7 = 0.062,5-21-36-32-5 = 0.5,5-18-36-32-5 = 0.5
0,0,619.902,0.0,619.902,0.0,Prune by CG,,8-16-8 = 1.0,7-26-7 = 1.0,7-38-21-25-7 = 0.172,7-22-28-23-7 = 0.344,7-27-38-37-7 = 0.828,7-37-25-23-7 = 0.172,7-28-17-40-31-8 = 0.219,7-25-35-24-7 = 0.328,7-23-24-11-8 = 0.141,7-23-24-35-7 = 0.344,7-22-17-40-31-8 = 0.219,8-14-13-29-8 = 1.0,8-31-33-20-24-7 = 0.047,8-30-17-40-33-20-8 = 0.562,2-34-15-2 = 1.0,7-27-21-32-7 = 0.172,7-21-36-32-7 = 0.328,8-12-33-20-24-7 = 0.141,7-22-28-30-39-4 = 0.437,8-39-19-4 = 0.125,8-31-12-11-19-4 = 0.516,4-39-19-4 = 0.094,4-39-12-11-19-4 = 0.094,4-39-12-33-20-11-8 = 0.25,4-18-36-32-7 = 0.5,4-18-36-19-4 = 0.172,4-18-21-25-35-7 = 0.328
0,0,617.917,0.0,617.917,0.0,Prune by CG,,7-26-7 = 1.0,7-38-21-25-7 = 0.055,7-28-34-15-7 = 0.403,7-22-28-23-7 = 0.403,7-27-38-37-7 = 0.945,7-37-25-23-7 = 0.055,7-22-34-15-7 = 0.597,7-25-35-24-7 = 0.39,7-23-24-35-7 = 0.11,7-23-24-11-9 = 0.432,7-28-40-33-12-9 = 0.178,9-39-16-9 = 0.085,9-12-33-20-24-7 = 0.068,7-17-40-20-11-9 = 0.178,9-39-19-9 = 0.212,9-30-40-31-16-9 = 0.195,9-30-17-40-33-20-9 = 0.364,9-30-17-40-31-12-9 = 0.051,9-30-17-33-20-11-9 = 0.39,9-18-36-32-7 = 0.237,9-18-36-19-9 = 0.055,9-18-21-19-9 = 0.208,7-27-21-32-7 = 0.055,9-36-32-19-9 = 0.525,9-18-21-25-35-7 = 0.5,7-21-36-32-7 = 0.182,7-28-17-40-31-3 = 0.017,3-14-13-29-3 = 0.983,3-13-40-31-29-3 = 0.017,9-39-12-31-16-9 = 0.703,3-14-31-16-9 = 0.017
0,0,622.588,0.0,622.588,0.0,Prune by CG,,7-26-7 = 1.0,2-34-2 = 0.727,10-21-32-10 = 0.864,10-21-38-25-7 = 0.091,10-18-36-10 = 0.864,7-22-28-23-7 = 0.909,7-27-25-24-7 = 0.091,7-27-38-37-7 = 0.909,7-37-25-23-7 = 0.091,7-25-35-24-7 = 0.727,10-18-36-32-10 = 0.136,7-22-28-15-2 = 0.091,2-34-15-2 = 0.273,10-30-17-33-12-11-10 = 0.182,10-39-16-19-10 = 1.0,10-30-12-31-29-20-7 = 0.409,7-17-33-20-11-35-7 = 0.227,7-30-17-33-11-35-7 = 0.045,7-30-12-31-29-20-7 = 0.318,2-14-13-29-2 = 0.182,2-14-13-31-11-10 = 0.182,2-14-13-40-15-2 = 0.636,7-17-40-33-11-10 = 0.364,7-17-33-24-7 = 0.182,10-21-12-31-29-2 = 0.045,7-30-12-31-29-20-2 = 0.045
0,0,634.279,0.0,634.279,0.0,Prune by CG,,7-26-7 = 0.45,7-28-34-15-7 = 0.5,10-21-25-23-7 = 0.088,10-21-32-10 = 0.825,10-18-36-10 = 0.825,7-22-28-23-7 = 0.5,7-27-25-24-7 = 0.038,7-27-38-37-7 = 0.862,7-27-38-25-35-7 = 0.1,7-26-23-24-7 = 0.412,10-21-38-25-10 = 0.038,7-22-34-15-7 = 0.5,7-25-35-24-7 = 0.55,10-18-36-32-10 = 0.175,7-17-33-20-11-35-7 = 0.35,7-30-17-40-33-20-7 = 0.6,10-21-25-19-4 = 0.05,4-39-12-11-19-4 = 0.65,7-26-37-25-10 = 0.137,4-39-16-19-4 = 0.3,4-39-12-31-16-4 = 0.05,4-14-13-29-4 = 0.7,4-14-13-31-12-4 = 0.3,4-31-29-16-4 = 0.3,4-30-40-31-16-4 = 0.35,4-30-17-40-33-20-7 = 0.05
0,0,634.152,0.0,634.152,0.0,Prune by CG,,8-16-8 = 0.374,2-34-2 = 1.0,10-21-25-35-11-8 = 0.143,10-21-32-10 = 0.231,10-27-37-25-10 = 0.088,10-27-38-40-31-8 = 0.374,10-36-32-10 = 0.209,10-18-36-10 = 0.231,10-25-24-11-8 = 0.143,10-27-35-24-20-8 = 0.451,10-18-30-17-33-12-8 = 0.209,10-21-38-25-10 = 0.626,8-39-16-8 = 0.626,10-18-36-32-10 = 0.56,8-14-13-29-8 = 1.0,8-39-19-10 = 0.121,8-31-12-11-19-10 = 0.462,8-40-33-12-19-10 = 0.077,8-30-17-40-33-20-8 = 0.549,8-39-12-11-19-10 = 0.253,2-26-37-23-2 = 0.912,2-22-28-15-2 = 1.0,8-31-33-24-35-10 = 0.165,8-30-17-24-35-10 = 0.242,10-27-26-23-19-10 = 0.088
0,0,620.841,0.0,620.841,0.0,Prune by CG,,7-26-7 = 1.0,10-36-10 = 1.0,10-21-32-10 = 1.0,7-22-28-23-7 = 1.0,7-27-38-37-7 = 1.0,7-25-35-24-7 = 1.0,2-34-15-2 = 1.0,7-30-17-40-33-20-7 = 1.0,3-14-13-29-3 = 1.0,3-31-12-11-19-10 = 1.0,10-18-39-16-3 = 1.0
0,0,624.996,0.0,624.996,0.0,Prune by CG,,7-26-7 = 1.0,7-38-37-7 = 0.525,7-38-21-25-7 = 0.033,7-22-28-23-7 = 0.754,7-22-28-30-12-8 = 0.164,7-27-38-37-7 = 0.443,7-37-24-7 = 0.033,7-28-17-40-31-8 = 0.082,7-25-35-24-7 = 0.623,7-23-24-11-8 = 0.213,7-23-24-35-7 = 0.033,7-22-17-40-31-8 = 0.082,8-39-16-8 = 1.0,8-14-13-29-8 = 1.0,8-31-12-11-19-8 = 0.721,8-31-12-33-20-11-8 = 0.066,8-31-33-20-24-7 = 0.049,8-30-17-40-33-20-8 = 0.836,2-34-15-2 = 1.0,7-27-21-32-7 = 0.279,7-21-36-32-7 = 0.344,8-18-21-25-35-7 = 0.344,8-18-36-32-7 = 0.377,7-27-18-36-19-8 = 0.279,8-12-33-20-24-7 = 0.049
0,0,618.643,0.0,618.643,0.0,Prune by CG,,7-26-7 = 1.0,7-22-28-23-7 = 1.0,7-27-38-37-7 = 1.0,7-25-35-24-7 = 0.875,2-34-15-2 = 1.0,9-14-13-29-9 = 0.625,9-14-13-31-12-9 = 0.375,9-39-16-9 = 0.375,9-12-33-20-24-7 = 0.125,7-17-40-20-11-9 = 0.125,7-17-40-33-11-9 = 0.125,9-39-19-9 = 0.125,9-31-29-16-9 = 0.375,9-30-40-31-16-9 = 0.25,9-30-17-40-33-20-9 = 0.5,9-30-17-33-20-11-9 = 0.25,9-39-12-11-19-9 = 0.5,9-18-21-19-9 = 0.375,5-21-36-32-5 = 0.5,5-18-36-32-5 = 0.375,5-18-21-25-35-7 = 0.125,9-18-36-32-5 = 0.125
0,0,622.008,0.0,622.008,0.0,Prune by CG,,8-16-8 = 0.36,7-26-7 = 1.0,7-28-34-15-7 = 0.5,7-22-28-23-7 = 0.5,7-27-38-37-7 = 0.8,7-37-24-7 = 0.04,7-37-25-23-7 = 0.16,7-22-34-15-7 = 0.5,7-25-35-24-7 = 0.44,7-23-24-11-8 = 0.18,7-23-24-35-7 = 0.16,8-14-13-29-8 = 1.0,8-31-33-20-24-7 = 0.18,8-30-17-40-33-20-8 = 0.82,8-30-17-40-12-31-8 = 0.18,7-38-21-36-5 = 0.2,5-21-36-32-5 = 0.2,5-18-36-32-5 = 0.6,5-18-21-25-35-7 = 0.4,7-27-21-32-5 = 0.2,8-31-12-11-19-4 = 0.64,4-39-19-4 = 0.18,4-39-16-8 = 0.64,4-39-12-11-19-4 = 0.18
0,0,595.117,0.0,595.117,0.0,Prune by CG,,7-26-7 = 1.0,10-36-10 = 0.4,7-28-34-15-7 = 0.5,10-21-25-19-10 = 0.4,10-21-25-35-11-8 = 0.1,10-21-32-10 = 0.5,10-18-39-16-8 = 0.4,10-18-36-10 = 0.1,10-25-35-24-7 = 0.1,7-22-28-23-7 = 0.5,7-27-38-37-7 = 1.0,7-22-34-15-7 = 0.5,7-25-35-24-7 = 0.4,7-23-24-11-8 = 0.1,7-23-24-35-7 = 0.4,8-39-16-8 = 0.6,10-18-36-32-10 = 0.5,8-14-13-29-8 = 1.0,8-31-12-11-19-10 = 0.6,8-31-12-33-20-11-8 = 0.2,8-30-17-40-33-20-8 = 0.8,8-30-17-40-12-31-8 = 0.2
0,0,620.929,0.0,620.929,0.0,Prune by CG,,7-26-7 = 1.0,10-21-32-10 = 1.0,10-18-36-10 = 1.0,7-22-28-23-7 = 1.0,7-27-38-37-7 = 1.0,7-25-35-24-7 = 1.0,2-34-15-2 = 1.0,7-17-40-20-11-7 = 0.125,7-30-17-40-33-20-7 = 0.125,3-14-13-29-3 = 0.875,3-13-40-31-29-3 = 0.125,4-39-12-11-19-4 = 0.25,4-39-16-19-4 = 0.375,4-39-12-31-16-4 = 0.375,4-30-17-40-33-20-7 = 0.125,7-30-40-31-16-4 = 0.125,7-30-17-33-20-11-7 = 0.25,3-14-31-16-4 = 0.125,4-12-33-11-19-4 = 0.125,3-31-12-11-19-4 = 0.25,4-30-17-40-33-20-3 = 0.375
0,0,635.692,0.0,635.692,0.0,Prune by CG,,8-16-8 = 0.036,7-26-7 = 0.643,7-38-25-19-8 = 0.036,7-38-21-25-7 = 0.214,7-28-34-15-7 = 0.429,7-22-28-23-7 = 0.25,7-22-28-30-12-8 = 0.179,7-27-38-37-7 = 0.714,7-26-23-24-7 = 0.071,7-38-17-33-12-8 = 0.036,7-28-17-40-31-8 = 0.143,7-22-34-15-7 = 0.393,7-22-34-15-20-8 = 0.179,7-25-35-24-7 = 0.429,7-23-24-11-8 = 0.25,7-23-24-35-7 = 0.143,8-39-16-8 = 0.964,8-14-13-29-8 = 1.0,8-31-12-11-19-8 = 0.75,8-31-33-24-35-7 = 0.107,8-30-17-40-33-20-8 = 0.821,7-26-37-23-7 = 0.286,7-27-21-32-7 = 0.143,7-21-36-32-7 = 0.321,8-18-21-25-35-7 = 0.321,8-18-36-32-7 = 0.536,8-40-33-12-19-8 = 0.036,7-27-18-36-19-8 = 0.143,8-39-19-8 = 0.036
0,0,614.048,0.0,614.048,0.0,Prune by CG,,8-16-8 = 1.0,7-26-7 = 1.0,9-39-9 = 1.0,7-34-15-23-7 = 0.333,7-28-34-15-7 = 0.333,10-21-32-10 = 1.0,10-18-36-10 = 1.0,7-22-28-23-7 = 0.667,7-27-38-37-7 = 1.0,7-22-34-15-7 = 0.333,7-25-35-24-7 = 1.0,8-14-13-29-8 = 1.0,8-31-12-11-19-9 = 1.0,9-30-17-40-33-20-8 = 1.0
0,0,622.696,0.0,622.696,0.0,Prune by CG,,8-16-8 = 1.0,7-26-7 = 1.0,9-39-9 = 1.0,7-38-21-25-7 = 0.143,7-28-34-15-7 = 0.286,7-28-34-15-20-8 = 0.143,7-22-28-23-7 = 0.286,7-22-28-30-12-8 = 0.143,7-27-38-37-7 = 0.857,7-37-25-23-7 = 0.143,7-28-17-40-31-8 = 0.143,7-22-34-15-7 = 0.571,7-25-35-24-7 = 0.286,7-23-24-11-8 = 0.286,7-23-24-35-7 = 0.286,8-14-13-29-8 = 1.0,8-31-12-33-24-7 = 0.143,8-30-17-40-33-20-8 = 0.714,9-18-36-32-7 = 0.143,9-18-36-32-9 = 0.286,9-18-36-19-9 = 0.143,7-27-21-32-7 = 0.143,9-36-32-19-9 = 0.143,9-18-21-25-35-7 = 0.429,7-21-36-32-7 = 0.286,8-31-12-11-19-9 = 0.714,9-30-17-40-33-20-8 = 0.143
0,0,619.057,0.0,619.057,0.0,Prune by CG,,8-16-8 = 0.119,7-26-7 = 1.0,7-38-21-25-7 = 0.03,7-22-28-23-7 = 0.941,7-22-28-30-12-8 = 0.037,7-27-38-37-7 = 0.8,7-37-24-7 = 0.2,7-28-17-40-31-8 = 0.022,7-25-35-24-7 = 0.6,7-23-24-11-8 = 0.059,7-22-17-40-31-8 = 0.022,8-14-13-29-8 = 1.0,8-30-17-24-35-7 = 0.03,8-31-12-33-24-7 = 0.03,8-31-33-20-24-7 = 0.044,8-40-20-24-7 = 0.03,8-30-11-24-7 = 0.007,8-30-17-40-33-20-8 = 0.926,2-34-15-2 = 1.0,7-38-21-36-5 = 0.17,5-21-36-32-5 = 0.2,5-18-36-32-5 = 0.6,5-18-21-36-5 = 0.03,5-18-21-25-35-7 = 0.37,7-27-21-32-5 = 0.2,8-31-12-11-19-4 = 0.881,4-39-19-4 = 0.067,4-39-16-8 = 0.881,4-39-12-11-19-4 = 0.052
0,0,630.968,0.0,630.968,0.0,Prune by CG,,7-26-7 = 0.987,7-34-15-23-7 = 0.256,7-28-34-15-7 = 0.372,10-21-25-23-7 = 0.103,10-21-32-10 = 0.897,10-36-32-10 = 0.103,10-18-36-10 = 0.897,7-22-28-23-7 = 0.628,7-27-38-37-7 = 1.0,7-26-23-24-7 = 0.013,7-22-34-15-7 = 0.372,7-25-35-24-7 = 0.897,7-17-33-20-11-35-7 = 0.103,7-30-17-40-33-20-7 = 0.154,3-14-13-29-3 = 0.679,3-13-40-31-29-3 = 0.321,4-39-12-11-19-4 = 0.436,4-39-16-19-4 = 0.385,4-39-12-31-16-4 = 0.179,4-30-17-40-33-20-7 = 0.026,7-30-17-33-20-11-10 = 0.205,3-14-31-16-4 = 0.321,4-12-11-24-7 = 0.077,4-12-33-20-24-7 = 0.013,3-31-12-11-19-4 = 0.179,4-30-17-40-33-20-3 = 0.5,10-18-30-12-16-4 = 0.103,7-30-17-12-16-4 = 0.013
0,0,638.738,0.0,638.738,0.0,Prune by CG,,8-16-8 = 0.512,2-34-2 = 0.366,10-21-25-35-11-8 = 0.366,10-21-32-10 = 0.098,10-18-39-16-8 = 0.098,10-27-37-25-10 = 0.098,10-27-38-40-31-8 = 0.439,10-27-35-24-20-8 = 0.073,10-36-35-24-20-8 = 0.098,10-21-38-25-10 = 0.537,8-39-16-8 = 0.39,10-18-36-32-10 = 0.902,8-14-13-29-8 = 1.0,8-39-19-10 = 0.268,8-31-12-11-19-10 = 0.39,8-40-33-12-19-10 = 0.098,8-30-17-40-33-20-8 = 0.463,8-39-12-11-19-10 = 0.244,2-34-15-2 = 0.634,2-15-23-24-35-10 = 0.122,2-22-28-15-2 = 0.244,2-22-28-33-12-8 = 0.268,8-31-33-24-35-10 = 0.171,8-30-17-24-35-10 = 0.171,8-30-17-24-20-8 = 0.366,10-27-37-23-2 = 0.366,6-26-37-23-2 = 0.512,2-22-28-26-6 = 0.488,10-27-38-37-6 = 0.024
0,0,632.667,0.0,632.667,0.0,Prune by CG,,7-26-7 = 1.0,2-34-2 = 0.333,10-21-32-10 = 1.0,10-18-36-10 = 1.0,7-22-28-23-7 = 1.0,7-27-38-37-7 = 1.0,7-25-35-24-7 = 1.0,2-34-15-2 = 0.667,7-30-17-40-33-20-7 = 0.667,4-39-12-11-19-4 = 0.667,2-14-13-40-15-2 = 0.333,4-39-16-19-4 = 0.333,4-14-13-29-4 = 0.333,4-14-13-31-12-4 = 0.333,4-31-29-16-4 = 0.667,7-30-17-33-20-11-7 = 0.333
0,0,637.139,0.0,637.139,0.0,Prune by CG,,7-26-7 = 0.5,10-36-10 = 1.0,7-28-34-15-7 = 0.5,10-21-32-10 = 1.0,7-22-28-23-7 = 0.5,7-27-38-37-7 = 0.75,7-27-38-25-35-7 = 0.25,7-26-23-24-7 = 0.25,7-22-34-15-7 = 0.5,7-25-35-24-7 = 0.5,7-23-24-35-7 = 0.25,10-30-17-40-33-20-7 = 0.25,7-30-17-40-33-20-7 = 0.75,3-14-13-29-3 = 1.0,7-26-37-25-10 = 0.25,3-31-12-11-19-10 = 1.0,10-18-39-16-3 = 1.0
0,0,620.028,0.0,620.028,0.0,Prune by CG,,7-26-7 = 1.0,7-22-28-23-7 = 1.0,7-27-38-37-7 = 1.0,7-25-35-24-7 = 0.8,2-34-15-2 = 1.0,9-12-33-11-19-9 = 0.2,9-12-33-20-24-7 = 0.2,7-17-40-20-11-9 = 0.3,7-17-40-33-11-9 = 0.1,9-39-19-9 = 0.4,9-39-16-19-9 = 0.1,9-30-40-31-16-9 = 0.4,9-30-17-40-33-20-9 = 0.1,9-30-17-40-31-12-9 = 0.1,9-30-17-33-20-11-9 = 0.4,9-18-21-19-9 = 0.3,9-18-21-25-35-7 = 0.2,3-14-13-29-3 = 1.0,9-39-12-31-16-9 = 0.5,5-21-36-32-5 = 0.5,5-18-36-32-5 = 0.5
0,0,627.478,0.0,627.478,0.0,Prune by CG,,7-26-7 = 1.0,7-38-21-25-7 = 0.048,7-28-34-15-7 = 0.298,7-22-28-23-7 = 0.44,7-27-38-37-7 = 0.952,7-37-25-23-7 = 0.048,7-22-34-15-7 = 0.56,7-25-35-24-7 = 0.397,7-23-24-35-7 = 0.095,7-34-15-20-11-9 = 0.143,7-23-24-11-9 = 0.417,7-28-40-33-12-9 = 0.262,9-14-13-29-9 = 0.647,9-14-13-31-12-9 = 0.353,9-39-16-9 = 0.647,9-12-33-20-24-7 = 0.091,7-17-40-20-11-9 = 0.06,9-39-19-9 = 0.353,9-31-29-16-9 = 0.353,9-30-40-20-11-9 = 0.06,9-30-17-40-33-20-9 = 0.325,9-30-17-40-31-12-9 = 0.294,9-30-17-33-20-11-9 = 0.321,9-18-36-32-7 = 0.282,9-18-36-19-9 = 0.048,9-18-21-19-9 = 0.163,7-27-21-32-7 = 0.048,9-36-32-19-9 = 0.437,9-18-21-25-35-7 = 0.508,7-21-36-32-7 = 0.234
0,0,626.936,0.0,626.936,0.0,Prune by CG,,7-26-7 = 1.0,7-34-15-23-7 = 0.418,7-28-34-15-7 = 0.145,7-22-28-23-7 = 0.563,7-27-38-37-7 = 1.0,7-22-34-15-7 = 0.437,7-25-35-24-7 = 0.745,7-23-24-11-9 = 0.019,7-28-40-33-12-9 = 0.179,9-12-33-20-24-7 = 0.236,7-17-40-20-11-9 = 0.179,9-39-19-9 = 0.189,9-39-16-19-9 = 0.349,9-30-40-31-16-9 = 0.292,9-30-17-40-31-12-9 = 0.123,9-30-17-33-20-11-9 = 0.585,9-39-12-11-19-9 = 0.217,9-18-21-19-9 = 0.245,9-18-21-25-35-7 = 0.255,7-28-17-40-31-3 = 0.113,3-14-13-29-3 = 0.887,3-13-40-31-29-3 = 0.113,9-39-12-31-16-9 = 0.245,3-14-31-16-9 = 0.113,5-21-36-32-5 = 0.5,5-18-36-32-5 = 0.5
0,0,621.25,0.0,621.25,0.0,Prune by CG,,8-16-8 = 1.0,7-26-7 = 1.0,9-39-9 = 1.0,7-22-28-23-7 = 0.727,7-22-28-30-12-8 = 0.182,7-27-38-37-7 = 0.97,7-37-25-23-7 = 0.03,7-28-17-40-31-8 = 0.091,7-25-35-24-7 = 0.758,7-23-24-11-8 = 0.182,7-23-24-35-7 = 0.061,7-22-17-40-31-8 = 0.091,8-14-13-29-8 = 1.0,8-31-12-33-20-11-8 = 0.182,8-30-17-40-33-20-8 = 0.727,2-34-15-2 = 1.0,7-38-25-19-9 = 0.03,9-18-36-32-7 = 0.424,9-18-36-32-9 = 0.091,9-18-21-19-9 = 0.303,7-27-21-32-7 = 0.03,9-18-21-25-35-7 = 0.182,7-21-36-32-7 = 0.455,7-21-36-19-9 = 0.03,8-31-12-11-19-9 = 0.636,9-30-17-40-33-20-8 = 0.091
0,0,627.134,0.0,627.134,0.0,Prune by CG,,8-16-8 = 0.046,7-26-7 = 1.0,7-38-21-25-7 = 0.033,7-22-28-23-7 = 0.962,7-22-28-30-12-8 = 0.025,7-27-38-37-7 = 0.8,7-37-24-7 = 0.2,7-28-17-40-31-8 = 0.013,7-25-35-24-7 = 0.638,7-23-24-11-8 = 0.037,7-22-17-40-31-8 = 0.012,8-39-19-11-8 = 0.021,8-39-12-11-19-8 = 0.025,8-39-16-8 = 0.954,8-14-13-29-8 = 1.0,8-30-17-24-35-7 = 0.033,8-31-12-11-19-8 = 0.917,8-31-12-33-24-7 = 0.033,8-31-33-20-24-7 = 0.025,8-40-20-24-7 = 0.033,8-30-17-40-33-20-8 = 0.942,2-34-15-2 = 1.0,7-38-21-36-5 = 0.167,5-21-36-32-5 = 0.2,5-18-36-32-5 = 0.6,5-18-21-36-5 = 0.033,5-18-21-19-8 = 0.037,5-18-21-25-35-7 = 0.329,7-27-21-32-5 = 0.2
0,0,600.729,0.0,600.729,0.0,Prune by CG,,7-26-7 = 1.0,10-36-10 = 1.0,10-21-32-10 = 1.0,10-18-39-16-8 = 1.0,7-22-28-23-7 = 1.0,7-27-38-37-7 = 1.0,7-25-35-24-7 = 1.0,8-14-13-29-8 = 1.0,8-31-12-11-19-10 = 1.0,8-30-17-40-33-20-8 = 1.0,2-34-15-2 = 1.0
0,0,637.438,0.0,637.438,0.0,Prune by CG,,8-16-8 = 1.0,2-34-2 = 1.0,9-39-9 = 0.5,10-21-38-25-10 = 1.0,10-18-36-32-10 = 1.0,8-14-13-29-8 = 0.917,8-14-40-31-8 = 0.083,8-13-40-31-29-8 = 0.083,9-39-12-11-19-9 = 0.5,8-31-12-11-19-9 = 0.5,9-30-17-40-33-20-8 = 0.833,2-22-28-15-2 = 1.0,8-31-33-24-35-10 = 0.167,8-31-20-24-35-10 = 0.167,10-27-26-37-35-10 = 0.5,10-27-37-23-2 = 0.5,2-26-23-24-9 = 0.5,9-30-17-24-35-10 = 0.167
0,0,653.8,0.0,653.8,0.0,Prune by CG,,7-26-7 = 0.4,7-38-21-25-7 = 0.067,7-28-34-15-7 = 0.2,7-22-28-23-7 = 0.2,7-27-38-37-7 = 0.933,7-37-25-23-7 = 0.067,7-26-23-24-7 = 0.6,7-28-17-40-20-7 = 0.2,7-22-34-15-7 = 0.8,7-25-35-24-7 = 0.267,7-23-24-35-7 = 0.133,7-27-21-32-7 = 0.067,7-21-36-32-7 = 0.2,4-39-12-11-19-4 = 0.2,4-18-36-32-7 = 0.267,4-18-36-19-4 = 0.067,4-18-21-25-35-7 = 0.6,4-18-21-19-4 = 0.067,7-28-40-33-12-4 = 0.2,7-28-17-40-31-4 = 0.2,4-39-16-19-4 = 0.2,4-39-12-31-16-4 = 0.4,4-14-13-29-4 = 1.0,4-30-40-31-16-4 = 0.4,7-30-17-33-20-11-4 = 0.467,4-30-17-33-20-11-4 = 0.133,4-39-12-33-20-11-4 = 0.2,4-36-32-19-4 = 0.467
0,0,625.058,0.0,625.058,0.0,Prune by CG,,7-26-7 = 1.0,7-34-15-23-7 = 0.4,7-28-34-15-7 = 0.2,10-21-32-10 = 1.0,10-18-36-10 = 1.0,7-22-28-23-7 = 0.6,7-27-38-37-7 = 1.0,7-22-34-15-7 = 0.4,7-25-35-24-7 = 1.0,7-28-40-33-12-9 = 0.2,9-14-13-29-9 = 0.6,9-14-13-31-12-9 = 0.4,7-17-40-20-11-9 = 0.2,9-39-19-9 = 0.2,9-39-16-19-9 = 0.4,9-31-29-16-9 = 0.4,9-30-40-31-16-9 = 0.2,9-30-17-40-33-20-7 = 0.4,9-30-17-33-20-11-9 = 0.4,9-39-12-11-19-9 = 0.4
0,0,635.692,0.0,635.692,0.0,Prune by CG,,7-26-7 = 0.722,2-34-2 = 0.444,7-38-21-25-7 = 0.056,7-22-28-23-7 = 0.778,7-27-38-37-7 = 0.944,7-26-23-24-7 = 0.222,7-25-35-24-7 = 0.444,7-30-17-24-35-7 = 0.111,7-22-28-15-2 = 0.222,2-34-15-2 = 0.556,2-15-20-11-24-7 = 0.222,7-26-37-25-7 = 0.056,7-27-21-32-7 = 0.056,7-21-36-32-7 = 0.444,3-14-13-29-3 = 0.611,3-13-40-31-29-3 = 0.389,4-39-12-11-19-4 = 0.5,4-18-36-32-7 = 0.5,4-18-36-19-4 = 0.056,4-18-21-25-35-7 = 0.444,4-39-16-19-4 = 0.278,4-39-12-31-16-4 = 0.222,3-14-31-16-4 = 0.389,7-30-17-40-33-20-3 = 0.5,3-40-33-12-19-4 = 0.111,7-30-17-33-20-11-4 = 0.278,7-30-17-12-16-4 = 0.056,7-30-33-12-16-4 = 0.056,7-17-33-12-19-4 = 0.056
0,0,638.652,0.0,638.652,0.0,Prune by CG,,8-16-8 = 0.36,7-26-7 = 1.0,7-28-34-15-7 = 0.5,7-22-28-23-7 = 0.5,7-27-38-37-7 = 0.8,7-37-24-7 = 0.04,7-37-25-23-7 = 0.16,7-22-34-15-7 = 0.5,7-25-35-24-7 = 0.44,7-23-24-11-8 = 0.18,7-23-24-35-7 = 0.16,8-39-12-11-19-8 = 0.18,8-39-16-8 = 0.64,8-14-13-29-8 = 1.0,8-31-12-11-19-8 = 0.64,8-31-33-20-24-7 = 0.18,8-30-17-40-33-20-8 = 0.82,8-30-17-40-12-31-8 = 0.18,8-39-19-8 = 0.18,7-38-21-36-5 = 0.2,5-21-36-32-5 = 0.2,5-18-36-32-5 = 0.6,5-18-21-25-35-7 = 0.4,7-27-21-32-5 = 0.2
0,0,630.517,0.0,630.517,0.0,Prune by CG,,7-26-7 = 1.0,7-34-15-23-7 = 0.4,7-28-34-15-7 = 0.2,10-21-32-10 = 1.0,10-18-36-10 = 1.0,7-22-28-23-7 = 0.6,7-27-38-37-7 = 1.0,7-22-34-15-7 = 0.4,7-25-35-24-7 = 1.0,7-28-40-33-12-9 = 0.2,9-14-13-29-9 = 0.6,9-14-13-31-12-9 = 0.4,7-17-40-20-11-9 = 0.2,9-39-19-9 = 0.2,9-39-16-19-9 = 0.4,9-31-29-16-9 = 0.4,9-30-40-31-16-9 = 0.2,9-30-17-40-33-20-7 = 0.4,9-30-17-33-20-11-9 = 0.4,9-39-12-11-19-9 = 0.4
0,0,622.6,0.0,622.6,0.0,Prune by CG,,7-26-7 = 1.0,2-34-2 = 0.059,10-21-32-10 = 1.0,10-18-36-10 = 1.0,7-22-28-23-7 = 1.0,7-27-38-37-7 = 1.0,7-25-35-24-7 = 1.0,2-34-15-2 = 0.941,9-14-13-29-9 = 0.529,9-14-13-31-12-9 = 0.412,7-17-40-20-11-9 = 0.059,7-17-40-33-11-9 = 0.059,9-39-16-19-9 = 0.412,9-31-29-16-9 = 0.471,9-30-40-31-16-9 = 0.118,9-30-17-40-33-20-7 = 0.118,9-30-17-40-33-20-9 = 0.529,9-30-17-33-20-11-9 = 0.235,9-39-12-11-19-9 = 0.588,2-40-33-20-11-9 = 0.059,9-14-13-40-15-2 = 0.059
0,0,650.966,0.0,650.966,0.0,Prune by CG,,7-26-7 = 0.385,7-28-34-15-7 = 0.423,7-22-28-23-7 = 0.423,7-27-38-37-7 = 0.962,7-27-38-25-35-7 = 0.038,7-26-23-24-7 = 0.577,7-28-40-33-20-7 = 0.077,7-22-34-15-7 = 0.577,7-25-35-24-7 = 0.423,7-26-37-25-7 = 0.038,7-17-33-20-11-35-7 = 0.038,7-30-17-40-33-20-7 = 0.538,5-21-36-32-5 = 0.5,5-18-36-32-5 = 0.5,4-39-12-11-19-4 = 0.577,4-18-21-25-35-7 = 0.5,7-28-40-33-12-4 = 0.038,7-28-17-40-31-4 = 0.038,4-39-16-19-4 = 0.423,4-14-13-29-4 = 0.615,4-14-13-31-12-4 = 0.385,4-31-29-16-4 = 0.385,4-30-40-31-16-4 = 0.154,7-30-40-31-16-4 = 0.038,7-30-17-33-20-11-4 = 0.269,7-17-40-20-11-4 = 0.077,7-17-40-33-11-4 = 0.038
0,0,664.896,0.0,664.896,0.0,Prune by CG,,2-34-2 = 0.453,7-38-21-25-7 = 0.4,7-22-28-23-7 = 0.587,7-27-38-37-7 = 0.6,7-26-23-24-7 = 0.413,7-22-28-15-2 = 0.227,2-34-15-2 = 0.547,2-15-20-11-24-7 = 0.227,7-26-37-25-7 = 0.4,7-27-21-32-7 = 0.2,7-21-36-32-7 = 0.2,7-17-33-20-11-35-7 = 0.191,7-30-40-20-11-35-7 = 0.191,7-30-17-33-11-35-7 = 0.133,7-22-28-26-7 = 0.187,3-14-13-29-3 = 0.791,3-13-40-31-29-3 = 0.209,3-14-31-16-3 = 0.209,3-39-12-31-16-3 = 0.458,7-30-17-40-33-20-3 = 0.271,3-39-16-19-3 = 0.333,3-39-12-33-24-7 = 0.076,3-40-33-12-19-3 = 0.209,3-39-12-19-11-7 = 0.111,3-39-12-11-19-3 = 0.022,3-31-12-11-19-3 = 0.124,7-18-36-32-7 = 0.6,7-18-21-25-35-7 = 0.2,7-27-18-36-19-3 = 0.2,3-30-17-24-35-7 = 0.284,3-30-17-40-33-20-3 = 0.12
0,0,615.94,0.0,615.94,0.0,Prune by CG,,7-26-7 = 1.0,7-38-21-25-7 = 0.048,7-28-34-15-7 = 0.298,7-22-28-23-7 = 0.44,7-27-38-37-7 = 0.952,7-37-25-23-7 = 0.048,7-22-34-15-7 = 0.56,7-25-35-24-7 = 0.397,7-23-24-35-7 = 0.095,7-34-15-20-11-9 = 0.143,7-23-24-11-9 = 0.417,7-28-40-33-12-9 = 0.262,9-14-13-29-9 = 0.647,9-14-13-31-12-9 = 0.353,9-39-16-9 = 0.647,9-12-33-20-24-7 = 0.091,7-17-40-20-11-9 = 0.06,9-39-19-9 = 0.353,9-31-29-16-9 = 0.353,9-30-40-20-11-9 = 0.06,9-30-17-40-33-20-9 = 0.325,9-30-17-40-31-12-9 = 0.294,9-30-17-33-20-11-9 = 0.321,9-18-36-32-7 = 0.282,9-18-36-19-9 = 0.048,9-18-21-19-9 = 0.163,7-27-21-32-7 = 0.048,9-36-32-19-9 = 0.437,9-18-21-25-35-7 = 0.508,7-21-36-32-7 = 0.234
0,0,620.785,0.0,620.785,0.0,Prune by CG,,8-16-8 = 1.0,7-26-7 = 1.0,9-39-9 = 1.0,7-34-15-23-7 = 0.333,7-28-34-15-7 = 0.333,10-21-32-10 = 1.0,10-18-36-10 = 1.0,7-22-28-23-7 = 0.667,7-27-38-37-7 = 1.0,7-22-34-15-7 = 0.333,7-25-35-24-7 = 1.0,8-14-13-29-8 = 1.0,8-31-12-11-19-9 = 1.0,9-30-17-40-33-20-8 = 1.0
0,0,633.926,0.0,633.926,0.0,Prune by CG,,8-16-8 = 1.0,7-26-7 = 1.0,9-39-9 = 1.0,7-38-21-25-7 = 0.143,7-28-34-15-7 = 0.286,7-28-34-15-20-8 = 0.143,7-22-28-23-7 = 0.286,7-22-28-30-12-8 = 0.143,7-27-38-37-7 = 0.857,7-37-25-23-7 = 0.143,7-28-17-40-31-8 = 0.143,7-22-34-15-7 = 0.571,7-25-35-24-7 = 0.286,7-23-24-11-8 = 0.286,7-23-24-35-7 = 0.286,8-14-13-29-8 = 1.0,8-31-12-33-24-7 = 0.143,8-30-17-40-33-20-8 = 0.714,9-18-36-32-7 = 0.143,9-18-36-32-9 = 0.286,9-18-36-19-9 = 0.143,7-27-21-32-7 = 0.143,9-36-32-19-9 = 0.143,9-18-21-25-35-7 = 0.429,7-21-36-32-7 = 0.286,8-31-12-11-19-9 = 0.714,9-30-17-40-33-20-8 = 0.143
0,0,645.234,0.0,645.234,0.0,Prune by CG,,2-34-2 = 1.0,10-21-38-25-10 = 1.0,10-18-36-32-10 = 1.0,9-14-13-29-9 = 0.214,9-14-13-31-12-9 = 0.214,9-39-19-9 = 0.333,9-39-16-19-9 = 0.214,9-31-29-16-9 = 0.786,9-30-17-40-33-20-9 = 0.143,9-30-17-33-20-11-9 = 0.548,9-39-12-11-19-9 = 0.452,2-28-40-33-12-9 = 0.286,9-14-13-40-15-2 = 0.571,2-22-26-37-10 = 0.286,2-22-28-23-2 = 0.286,2-22-28-15-2 = 0.429,10-27-26-37-35-10 = 0.357,10-27-37-23-2 = 0.357,2-26-23-24-9 = 0.357,9-30-17-24-35-10 = 0.31,9-12-20-24-35-10 = 0.024,10-27-35-24-20-9 = 0.286,9-12-33-24-35-10 = 0.024
0,0,648.745,0.0,648.745,0.0,Prune by CG,,8-16-8 = 0.25,2-34-2 = 1.0,10-21-32-10 = 0.25,10-18-39-19-10 = 0.25,10-27-38-40-31-8 = 0.25,10-25-24-11-8 = 0.25,10-36-35-24-20-8 = 0.25,10-21-38-25-10 = 0.75,8-39-16-8 = 0.75,10-18-36-32-10 = 0.75,8-14-13-29-8 = 1.0,8-31-12-11-19-10 = 0.75,8-30-17-40-33-20-8 = 0.75,2-15-23-24-35-10 = 0.25,2-26-37-23-2 = 0.25,2-22-28-15-2 = 0.25,2-22-28-33-12-8 = 0.25,2-22-28-26-15-2 = 0.5,10-27-26-37-35-10 = 0.25,8-30-17-24-35-10 = 0.25,10-27-37-23-2 = 0.5
0,0,624.996,0.0,624.996,0.0,Prune by CG,,7-26-7 = 1.0,7-38-37-7 = 0.525,7-38-21-25-7 = 0.033,7-22-28-23-7 = 0.754,7-22-28-30-12-8 = 0.164,7-27-38-37-7 = 0.443,7-37-24-7 = 0.033,7-28-17-40-31-8 = 0.082,7-25-35-24-7 = 0.623,7-23-24-11-8 = 0.213,7-23-24-35-7 = 0.033,7-22-17-40-31-8 = 0.082,8-39-16-8 = 1.0,8-14-13-29-8 = 1.0,8-31-12-11-19-8 = 0.721,8-31-12-33-20-11-8 = 0.066,8-31-33-20-24-7 = 0.049,8-30-17-40-33-20-8 = 0.836,2-34-15-2 = 1.0,7-27-21-32-7 = 0.279,7-21-36-32-7 = 0.344,8-18-21-25-35-7 = 0.344,8-18-36-32-7 = 0.377,7-27-18-36-19-8 = 0.279,8-12-33-20-24-7 = 0.049
0,0,648.78,0.0,648.78,0.0,Prune by CG,,7-26-7 = 0.571,2-34-2 = 1.0,7-22-28-23-7 = 0.607,7-27-38-37-7 = 0.964,7-26-23-24-7 = 0.393,7-25-35-24-7 = 0.464,7-30-17-24-35-7 = 0.071,7-22-28-15-2 = 0.393,7-26-37-25-7 = 0.036,7-27-21-32-7 = 0.036,7-21-36-32-7 = 0.429,7-30-17-40-33-20-7 = 0.393,7-38-25-19-4 = 0.036,4-39-12-11-19-4 = 0.536,4-18-36-32-7 = 0.429,4-18-36-19-4 = 0.036,4-18-21-25-35-7 = 0.464,4-18-21-19-4 = 0.071,2-14-13-40-15-2 = 0.607,4-39-16-19-4 = 0.143,4-39-12-31-29-20-7 = 0.071,4-39-12-31-16-4 = 0.25,4-31-29-16-4 = 0.607,7-30-33-20-24-7 = 0.071,7-30-17-33-20-11-4 = 0.464,7-17-33-12-19-4 = 0.071,2-14-13-29-4 = 0.321,2-14-13-31-12-4 = 0.071,4-36-32-19-4 = 0.107
0,0,633.108,0.0,633.108,0.0,Prune by CG,,7-26-7 = 1.0,7-28-34-15-7 = 0.5,10-21-25-19-10 = 0.4,10-21-25-35-11-8 = 0.1,10-21-32-10 = 0.5,10-18-39-16-8 = 0.4,10-36-32-10 = 0.4,10-18-36-10 = 0.5,10-25-35-24-7 = 0.1,7-22-28-23-7 = 0.5,7-27-38-37-7 = 1.0,7-22-34-15-7 = 0.5,7-25-35-24-7 = 0.4,7-23-24-11-8 = 0.1,7-23-24-35-7 = 0.4,8-39-16-8 = 0.6,10-18-36-32-10 = 0.1,8-14-13-29-8 = 1.0,8-31-12-11-19-10 = 0.6,8-31-12-33-20-11-8 = 0.2,8-30-17-40-33-20-8 = 0.8,8-30-17-40-12-31-8 = 0.2
0,0,633.555,0.0,633.555,0.0,Prune by CG,,8-16-8 = 0.036,7-26-7 = 0.643,7-38-25-19-8 = 0.036,7-38-21-25-7 = 0.214,7-28-34-15-7 = 0.25,7-28-34-15-20-8 = 0.179,7-22-28-23-7 = 0.25,7-22-28-30-12-8 = 0.179,7-27-38-37-7 = 0.714,7-26-23-24-7 = 0.071,7-38-17-33-12-8 = 0.036,7-28-17-40-31-8 = 0.143,7-22-34-15-7 = 0.571,7-25-35-24-7 = 0.429,7-23-24-11-8 = 0.25,7-23-24-35-7 = 0.143,8-39-16-8 = 0.964,8-14-13-29-8 = 1.0,8-31-12-11-19-8 = 0.75,8-31-33-24-35-7 = 0.107,8-30-17-40-33-20-8 = 0.821,7-26-37-23-7 = 0.286,7-27-21-32-7 = 0.143,7-21-36-32-7 = 0.321,8-18-21-25-35-7 = 0.321,8-18-36-32-7 = 0.536,8-40-33-12-19-8 = 0.036,7-27-18-36-19-8 = 0.143,8-39-19-8 = 0.036
0,0,616.015,0.0,616.015,0.0,Prune by CG,,8-16-8 = 1.0,7-26-7 = 1.0,9-39-9 = 1.0,7-38-21-25-7 = 0.143,7-28-34-15-7 = 0.429,7-22-28-23-7 = 0.286,7-22-28-30-12-8 = 0.143,7-27-38-37-7 = 0.857,7-37-25-23-7 = 0.143,7-28-17-40-31-8 = 0.143,7-22-34-15-7 = 0.429,7-22-34-15-20-8 = 0.143,7-25-35-24-7 = 0.286,7-23-24-11-8 = 0.286,7-23-24-35-7 = 0.286,8-14-13-29-8 = 1.0,8-31-12-33-24-7 = 0.143,8-30-17-40-33-20-8 = 0.714,9-18-36-32-7 = 0.286,9-18-36-32-9 = 0.143,9-18-36-19-9 = 0.143,7-27-21-32-9 = 0.143,9-36-32-19-9 = 0.143,9-18-21-25-35-7 = 0.429,7-21-36-32-7 = 0.286,8-31-12-11-19-9 = 0.714,9-30-17-40-33-20-8 = 0.143
0,0,652.125,0.0,652.125,0.0,Prune by CG,,7-26-7 = 0.4,7-28-34-15-7 = 0.4,7-22-28-23-7 = 0.4,7-27-38-37-7 = 1.0,7-26-23-24-7 = 0.6,7-22-34-15-7 = 0.6,7-25-35-24-7 = 0.4,7-21-36-32-7 = 0.4,7-28-17-40-20-3 = 0.2,3-14-13-29-3 = 0.8,3-13-40-31-29-3 = 0.2,4-39-12-11-19-4 = 0.4,4-18-36-32-4 = 0.2,4-18-36-32-7 = 0.2,4-18-21-25-35-7 = 0.6,4-39-16-19-4 = 0.2,4-39-12-31-16-4 = 0.4,4-30-40-31-16-4 = 0.2,3-14-31-16-4 = 0.2,4-30-17-40-33-20-3 = 0.2,3-40-33-12-19-4 = 0.2,7-30-17-33-20-11-4 = 0.6,4-36-32-19-4 = 0.2
0,0,646.606,0.0,646.606,0.0,Prune by CG,,8-16-8 = 1.0,2-34-2 = 1.0,9-39-9 = 0.556,10-21-32-10 = 0.222,10-27-37-25-10 = 0.222,10-27-38-40-31-8 = 0.222,10-18-36-10 = 0.222,10-27-35-24-20-8 = 0.222,10-21-38-25-10 = 0.778,10-18-36-32-10 = 0.778,8-14-13-29-8 = 1.0,8-30-17-40-33-20-8 = 0.444,2-15-23-24-35-10 = 0.333,9-39-12-11-19-9 = 0.444,8-31-12-11-19-9 = 0.556,9-30-17-40-33-20-8 = 0.333,2-22-28-15-2 = 0.556,8-31-33-24-35-10 = 0.222,10-27-37-23-2 = 0.222,10-27-26-37-15-2 = 0.111,6-26-37-23-2 = 0.444,2-22-28-26-6 = 0.444,9-30-17-24-35-10 = 0.222
0,0,636.56,0.0,636.56,0.0,Prune by CG,,7-26-7 = 1.0,7-38-21-25-7 = 0.055,7-28-34-15-7 = 0.403,7-22-28-23-7 = 0.403,7-27-38-37-7 = 0.945,7-37-25-23-7 = 0.055,7-22-34-15-7 = 0.597,7-25-35-24-7 = 0.39,7-23-24-35-7 = 0.11,7-23-24-11-9 = 0.432,7-28-40-33-12-9 = 0.178,9-39-16-9 = 0.085,9-12-33-20-24-7 = 0.068,7-17-40-20-11-9 = 0.178,9-39-19-9 = 0.212,9-30-40-31-16-9 = 0.195,9-30-17-40-33-20-9 = 0.364,9-30-17-40-31-12-9 = 0.051,9-30-17-33-20-11-9 = 0.39,9-18-36-32-7 = 0.237,9-18-36-19-9 = 0.055,9-18-21-19-9 = 0.208,7-27-21-32-7 = 0.055,9-36-32-19-9 = 0.525,9-18-21-25-35-7 = 0.5,7-21-36-32-7 = 0.182,7-28-17-40-31-3 = 0.017,3-14-13-29-3 = 0.983,3-13-40-31-29-3 = 0.017,9-39-12-31-16-9 = 0.703,3-14-31-16-9 = 0.017
0,0,631.691,0.0,631.691,0.0,Prune by CG,,7-26-7 = 1.0,7-34-15-23-7 = 0.3,7-28-34-15-7 = 0.3,10-21-32-10 = 1.0,10-18-36-10 = 1.0,7-22-28-23-7 = 0.6,7-27-38-37-7 = 0.9,7-27-38-25-35-7 = 0.1,7-37-25-23-7 = 0.1,7-22-34-15-7 = 0.4,7-25-35-24-7 = 0.8,9-12-33-11-19-9 = 0.3,9-12-33-20-24-7 = 0.2,7-17-40-20-11-9 = 0.2,9-39-19-9 = 0.3,9-39-16-19-9 = 0.4,9-30-40-20-11-35-7 = 0.1,9-30-40-31-16-9 = 0.2,9-30-17-40-33-20-9 = 0.1,9-30-17-40-31-12-9 = 0.2,9-30-17-33-20-11-9 = 0.4,7-28-17-40-31-3 = 0.1,3-14-13-29-3 = 0.9,3-13-40-31-29-3 = 0.1,9-39-12-31-16-9 = 0.3,3-14-31-16-9 = 0.1
0,0,638.399,0.0,638.399,0.0,Prune by CG,,7-26-7 = 1.0,9-39-9 = 0.12,7-22-28-23-7 = 0.88,7-27-38-37-7 = 0.96,7-37-25-23-7 = 0.04,7-25-35-24-7 = 0.92,7-23-24-35-7 = 0.08,2-34-15-2 = 1.0,7-38-25-19-9 = 0.04,7-28-40-33-12-9 = 0.12,7-22-40-33-12-9 = 0.12,9-14-13-29-9 = 0.6,9-14-13-31-12-9 = 0.4,9-39-16-9 = 0.44,7-17-40-20-11-9 = 0.2,9-39-19-9 = 0.12,9-31-29-16-9 = 0.4,9-30-40-20-11-9 = 0.04,9-30-40-31-16-9 = 0.16,9-30-17-40-33-20-9 = 0.32,9-30-17-40-31-12-9 = 0.04,9-30-17-33-20-11-9 = 0.44,9-39-12-11-19-9 = 0.32,9-18-36-32-7 = 0.48,9-18-36-19-9 = 0.04,9-18-21-19-9 = 0.48,7-27-21-32-7 = 0.04,7-21-36-32-7 = 0.48
0,0,613.371,0.0,613.371,0.0,Prune by CG,,7-26-7 = 1.0,7-34-15-23-7 = 0.4,7-28-34-15-7 = 0.2,10-21-32-10 = 1.0,10-18-36-10 = 1.0,7-22-28-23-7 = 0.6,7-27-38-37-7 = 1.0,7-22-34-15-7 = 0.4,7-25-35-24-7 = 1.0,7-28-40-33-12-9 = 0.2,9-14-13-29-9 = 0.6,9-14-13-31-12-9 = 0.4,7-17-40-20-11-9 = 0.2,9-39-19-9 = 0.2,9-39-16-19-9 = 0.4,9-31-29-16-9 = 0.4,9-30-40-31-16-9 = 0.2,9-30-17-40-33-20-7 = 0.4,9-30-17-33-20-11-9 = 0.4,9-39-12-11-19-9 = 0.4
0,0,648.077,0.0,648.077,0.0,Prune by CG,,2-34-2 = 1.0,10-21-32-10 = 0.089,10-18-36-10 = 0.025,10-21-38-25-10 = 0.911,10-18-36-32-10 = 0.911,2-15-23-24-35-10 = 0.161,10-25-24-11-9 = 0.089,10-18-36-19-9 = 0.064,9-39-16-19-9 = 0.5,9-30-40-31-16-9 = 0.186,9-30-17-40-33-20-9 = 0.288,9-30-17-33-20-11-9 = 0.449,9-39-12-11-19-9 = 0.436,9-17-40-20-11-9 = 0.025,2-28-17-40-31-3 = 0.161,3-14-13-29-3 = 0.75,3-13-40-31-29-3 = 0.25,9-39-12-31-16-9 = 0.064,3-14-31-16-9 = 0.25,2-22-26-37-10 = 0.121,2-22-26-23-35-10 = 0.008,2-22-28-15-2 = 0.428,2-22-28-26-15-2 = 0.411,2-22-27-26-23-2 = 0.032,10-27-26-37-35-10 = 0.254,10-27-37-23-2 = 0.625,2-26-23-24-9 = 0.174,9-30-17-24-35-10 = 0.076,9-12-20-24-35-10 = 0.237,9-12-33-24-35-10 = 0.263,10-27-38-40-31-3 = 0.089
0,0,632.48,0.0,632.48,0.0,Prune by CG,,8-16-8 = 1.0,7-26-7 = 1.0,9-39-9 = 1.0,7-22-28-23-7 = 0.727,7-22-28-30-12-8 = 0.182,7-27-38-37-7 = 0.97,7-37-25-23-7 = 0.03,7-28-17-40-31-8 = 0.091,7-25-35-24-7 = 0.758,7-23-24-11-8 = 0.182,7-23-24-35-7 = 0.061,7-22-17-40-31-8 = 0.091,8-14-13-29-8 = 1.0,8-31-12-33-20-11-8 = 0.182,8-30-17-40-33-20-8 = 0.727,2-34-15-2 = 1.0,7-38-25-19-9 = 0.03,9-18-36-32-7 = 0.394,9-18-36-32-9 = 0.091,9-18-36-19-9 = 0.03,9-18-21-19-9 = 0.303,7-27-21-32-7 = 0.03,9-18-21-25-35-7 = 0.182,7-21-36-32-7 = 0.485,8-31-12-11-19-9 = 0.636,9-30-17-40-33-20-8 = 0.091
0,0,625.278,0.0,625.278,0.0,Prune by CG,,8-16-8 = 1.0,7-26-7 = 1.0,9-39-9 = 1.0,7-34-15-23-7 = 0.333,7-28-34-15-7 = 0.333,10-21-32-10 = 1.0,10-18-36-10 = 1.0,7-22-28-23-7 = 0.667,7-27-38-37-7 = 1.0,7-22-34-15-7 = 0.333,7-25-35-24-7 = 1.0,8-14-13-29-8 = 1.0,8-31-12-11-19-9 = 1.0,9-30-17-40-33-20-8 = 1.0
0,0,650.562,0.0,650.562,0.0,Prune by CG,,2-34-2 = 1.0,10-21-32-10 = 0.25,10-27-37-25-10 = 0.25,10-27-38-37-10 = 0.397,10-18-36-10 = 0.25,10-21-38-25-10 = 0.485,10-18-36-32-10 = 0.75,2-15-23-24-35-10 = 0.206,10-21-25-35-11-9 = 0.265,9-14-13-29-9 = 0.324,9-14-13-31-12-9 = 0.324,9-39-19-9 = 0.275,9-39-16-19-9 = 0.324,9-31-29-16-9 = 0.676,9-30-17-40-33-20-9 = 0.647,9-30-17-33-20-11-9 = 0.216,9-39-12-11-19-9 = 0.402,9-14-13-40-15-2 = 0.353,2-22-28-23-2 = 0.059,2-22-28-15-2 = 0.441,10-27-37-23-2 = 0.235,6-26-37-23-2 = 0.118,2-22-28-26-6 = 0.5,9-30-17-24-35-10 = 0.137,9-12-20-24-35-10 = 0.137,9-12-33-24-35-10 = 0.137,10-27-38-35-11-9 = 0.118,6-26-23-24-9 = 0.382
0,0,654.662,0.0,654.662,0.0,Prune by CG,,8-16-8 = 0.512,2-34-2 = 0.366,10-21-25-35-11-8 = 0.366,10-21-32-10 = 0.098,10-18-39-19-10 = 0.098,10-27-37-25-10 = 0.098,10-27-38-40-31-8 = 0.439,10-27-35-24-20-8 = 0.073,10-36-35-24-20-8 = 0.098,10-21-38-25-10 = 0.537,8-39-16-8 = 0.488,10-18-36-32-10 = 0.902,8-14-13-29-8 = 1.0,8-39-19-10 = 0.171,8-31-12-11-19-10 = 0.39,8-40-33-12-19-10 = 0.098,8-30-17-40-33-20-8 = 0.463,8-39-12-11-19-10 = 0.244,2-34-15-2 = 0.634,2-15-23-24-35-10 = 0.122,2-22-28-15-2 = 0.244,2-22-28-33-12-8 = 0.268,8-31-33-24-35-10 = 0.171,8-30-17-24-35-10 = 0.171,8-30-17-24-20-8 = 0.366,10-27-37-23-2 = 0.366,6-26-37-23-2 = 0.512,2-22-28-26-6 = 0.488,10-27-38-37-6 = 0.024
0,0,649.888,0.0,649.888,0.0,Prune by CG,,8-16-8 = 0.5,2-34-2 = 1.0,10-21-38-25-10 = 1.0,10-18-36-32-10 = 1.0,8-14-13-29-8 = 0.917,8-14-40-31-8 = 0.083,8-13-40-31-29-8 = 0.083,8-30-17-40-33-20-8 = 0.833,8-31-12-11-19-4 = 0.5,4-39-16-8 = 0.5,4-39-12-11-19-4 = 0.5,2-26-23-24-8 = 0.5,2-22-28-15-2 = 1.0,8-31-33-24-35-10 = 0.167,8-31-20-24-35-10 = 0.167,10-27-26-37-35-10 = 0.5,8-30-17-24-35-10 = 0.167,10-27-37-23-2 = 0.5
0,0,621.464,0.0,621.464,0.0,Prune by CG,,8-16-8 = 0.36,7-26-7 = 1.0,7-28-34-15-7 = 0.5,7-22-28-23-7 = 0.5,7-27-38-37-7 = 0.8,7-37-24-7 = 0.04,7-37-25-23-7 = 0.16,7-22-34-15-7 = 0.5,7-25-35-24-7 = 0.44,7-23-24-11-8 = 0.18,7-23-24-35-7 = 0.16,8-39-12-11-19-8 = 0.18,8-39-16-8 = 0.64,8-14-13-29-8 = 1.0,8-31-12-11-19-8 = 0.64,8-31-33-20-24-7 = 0.18,8-30-17-40-33-20-8 = 0.82,8-30-17-40-12-31-8 = 0.18,8-39-19-8 = 0.18,7-38-21-36-5 = 0.2,5-21-36-32-5 = 0.2,5-18-36-32-5 = 0.6,5-18-21-25-35-7 = 0.4,7-27-21-32-5 = 0.2
0,0,631.036,0.0,631.036,0.0,Prune by CG,,7-26-7 = 1.0,7-34-15-23-7 = 0.3,7-28-34-15-7 = 0.3,10-21-32-10 = 1.0,10-18-36-10 = 1.0,7-22-28-23-7 = 0.6,7-27-38-37-7 = 0.9,7-27-38-25-35-7 = 0.1,7-37-25-23-7 = 0.1,7-22-34-15-7 = 0.4,7-25-35-24-7 = 0.8,9-12-33-11-19-9 = 0.3,9-12-33-20-24-7 = 0.2,7-17-40-20-11-9 = 0.2,9-39-19-9 = 0.3,9-39-16-19-9 = 0.4,9-30-40-20-11-35-7 = 0.1,9-30-40-31-16-9 = 0.2,9-30-17-40-33-20-9 = 0.1,9-30-17-40-31-12-9 = 0.2,9-30-17-33-20-11-9 = 0.4,7-28-17-40-31-3 = 0.1,3-14-13-29-3 = 0.9,3-13-40-31-29-3 = 0.1,9-39-12-31-16-9 = 0.3,3-14-31-16-9 = 0.1
0,0,650.934,0.0,650.934,0.0,Prune by CG,,8-16-8 = 0.25,2-34-2 = 1.0,10-21-32-10 = 0.25,10-18-39-19-10 = 0.25,10-27-38-40-31-8 = 0.25,10-25-24-11-8 = 0.25,10-36-35-24-20-8 = 0.25,10-21-38-25-10 = 0.75,8-39-16-8 = 0.75,10-18-36-32-10 = 0.75,8-14-13-29-8 = 1.0,8-31-12-11-19-10 = 0.75,8-30-17-40-33-20-8 = 0.75,2-15-23-24-35-10 = 0.25,2-26-37-23-2 = 0.25,2-22-28-15-2 = 0.25,2-22-28-33-12-8 = 0.25,2-22-28-26-15-2 = 0.5,10-27-26-37-35-10 = 0.25,8-30-17-24-35-10 = 0.25,10-27-37-23-2 = 0.5
0,0,635.277,0.0,635.277,0.0,Prune by CG,,7-26-7 = 1.0,2-34-2 = 0.059,10-21-32-10 = 1.0,10-18-36-10 = 1.0,7-22-28-23-7 = 1.0,7-27-38-37-7 = 1.0,7-25-35-24-7 = 1.0,2-34-15-2 = 0.941,9-14-13-29-9 = 0.529,9-14-13-31-12-9 = 0.412,7-17-40-20-11-9 = 0.059,7-17-40-33-11-9 = 0.059,9-39-16-19-9 = 0.412,9-31-29-16-9 = 0.471,9-30-40-31-16-9 = 0.118,9-30-17-40-33-20-7 = 0.118,9-30-17-40-33-20-9 = 0.529,9-30-17-33-20-11-9 = 0.235,9-39-12-11-19-9 = 0.588,2-40-33-20-11-9 = 0.059,9-14-13-40-15-2 = 0.059
0,0,617.583,0.0,617.583,0.0,Prune by CG,,7-26-7 = 1.0,10-36-10 = 0.4,7-28-34-15-7 = 0.5,10-21-25-19-10 = 0.4,10-21-25-35-11-8 = 0.1,10-21-32-10 = 0.5,10-18-39-16-8 = 0.4,10-18-36-10 = 0.1,10-25-35-24-7 = 0.1,7-22-28-23-7 = 0.5,7-27-38-37-7 = 1.0,7-22-34-15-7 = 0.5,7-25-35-24-7 = 0.4,7-23-24-11-8 = 0.1,7-23-24-35-7 = 0.4,8-39-16-8 = 0.6,10-18-36-32-10 = 0.5,8-14-13-29-8 = 1.0,8-31-12-11-19-10 = 0.6,8-31-12-33-20-11-8 = 0.2,8-30-17-40-33-20-8 = 0.8,8-30-17-40-12-31-8 = 0.2
0,0,609.098,0.0,609.098,0.0,Prune by CG,,8-16-8 = 1.0,7-26-7 = 1.0,9-39-9 = 1.0,7-34-15-23-7 = 0.333,7-28-34-15-7 = 0.333,10-21-32-10 = 1.0,10-18-36-10 = 1.0,7-22-28-23-7 = 0.667,7-27-38-37-7 = 1.0,7-22-34-15-7 = 0.333,7-25-35-24-7 = 1.0,8-14-13-29-8 = 1.0,8-31-12-11-19-9 = 1.0,9-30-17-40-33-20-8 = 1.0
0,0,644.535,0.0,644.535,0.0,Prune by CG,,7-26-7 = 1.0,7-22-28-23-7 = 1.0,7-27-38-37-7 = 1.0,7-25-35-24-7 = 0.5,7-30-17-24-35-7 = 0.233,2-34-15-2 = 1.0,7-17-33-20-11-35-7 = 0.267,7-30-17-40-33-20-7 = 0.067,3-14-13-29-3 = 0.7,3-13-40-31-29-3 = 0.3,5-21-36-32-5 = 0.5,5-18-36-32-5 = 0.5,4-39-12-11-19-4 = 0.633,4-18-21-25-7 = 0.5,4-39-16-19-4 = 0.3,4-39-12-31-16-4 = 0.067,7-30-40-31-16-4 = 0.333,3-14-31-16-4 = 0.3,4-12-33-20-24-7 = 0.267,7-30-17-40-33-20-3 = 0.3,7-30-17-33-20-11-4 = 0.067,7-17-33-12-19-4 = 0.033,7-17-20-11-19-4 = 0.033
0,0,651.657,0.0,651.657,0.0,Prune by CG,,7-26-7 = 0.731,7-34-15-23-7 = 0.154,7-28-34-15-7 = 0.423,7-22-28-23-7 = 0.577,7-27-38-37-7 = 1.0,7-26-23-24-7 = 0.269,7-22-34-15-7 = 0.423,7-25-35-24-7 = 0.5,7-30-17-40-33-20-7 = 0.192,3-14-13-29-3 = 0.692,3-13-40-31-29-3 = 0.308,5-21-36-32-5 = 0.5,5-18-36-32-5 = 0.5,4-39-12-11-19-4 = 0.346,4-18-21-25-35-7 = 0.5,4-39-16-19-4 = 0.462,4-39-12-31-16-4 = 0.192,3-14-31-16-4 = 0.308,4-12-11-24-7 = 0.192,4-12-33-20-24-7 = 0.038,3-31-12-11-19-4 = 0.192,7-30-17-40-33-20-3 = 0.5,7-30-17-33-20-11-4 = 0.231,4-30-17-33-20-11-4 = 0.038,4-30-17-12-16-4 = 0.038
0,0,654.21,0.0,654.21,0.0,Prune by CG,,8-16-8 = 1.0,7-26-7 = 0.6,7-38-21-25-7 = 0.1,7-34-15-23-7 = 0.233,7-28-34-15-7 = 0.2,7-22-28-23-7 = 0.067,7-27-38-37-7 = 0.9,7-37-25-23-7 = 0.1,7-26-23-24-7 = 0.4,7-28-17-40-31-8 = 0.367,7-22-34-15-7 = 0.567,7-25-35-24-7 = 0.4,7-23-24-35-7 = 0.2,8-14-13-29-8 = 1.0,8-31-12-33-20-11-8 = 0.367,8-30-17-40-33-20-8 = 0.633,7-27-21-32-7 = 0.1,7-21-36-32-7 = 0.4,7-22-28-30-39-4 = 0.367,8-39-19-4 = 0.1,8-31-12-11-19-4 = 0.267,4-39-19-4 = 0.167,4-39-12-11-19-4 = 0.367,4-18-36-32-4 = 0.167,4-18-36-32-7 = 0.333,4-18-36-19-4 = 0.1,4-18-21-25-35-7 = 0.4
0,0,635.723,0.0,635.723,0.0,Prune by CG,,7-26-7 = 1.0,7-38-21-25-7 = 0.027,7-22-28-23-7 = 0.872,7-27-38-37-7 = 0.973,7-37-25-23-7 = 0.027,7-25-35-24-7 = 0.806,7-23-24-35-7 = 0.054,2-34-15-2 = 1.0,7-23-24-11-9 = 0.047,7-28-40-33-12-9 = 0.128,7-22-40-33-12-9 = 0.128,9-12-33-20-24-7 = 0.093,7-17-40-20-11-9 = 0.302,7-17-40-33-11-9 = 0.047,9-39-19-9 = 0.349,9-39-16-19-9 = 0.047,9-30-40-31-16-9 = 0.349,9-30-17-40-31-12-9 = 0.047,9-30-17-33-20-11-9 = 0.605,9-18-36-32-7 = 0.419,9-18-36-19-9 = 0.027,9-18-21-19-9 = 0.415,7-27-21-32-7 = 0.027,9-36-32-19-9 = 0.163,9-18-21-25-35-7 = 0.14,7-21-36-32-7 = 0.391,3-14-13-29-3 = 1.0,9-39-12-31-16-9 = 0.605
0,0,669.805,0.0,669.805,0.0,Prune by CG,,8-16-8 = 0.038,10-21-25-35-11-8 = 0.205,10-21-37-25-10 = 0.397,10-21-32-10 = 0.397,10-27-37-25-10 = 0.397,10-27-38-23-35-10 = 0.397,10-18-36-10 = 0.397,8-39-16-8 = 0.962,10-18-36-32-10 = 0.603,8-14-13-29-8 = 1.0,8-39-19-10 = 0.038,8-31-12-11-19-10 = 0.795,8-40-33-12-19-10 = 0.167,8-30-17-40-33-20-8 = 0.333,8-30-17-40-12-31-8 = 0.026,8-31-33-24-35-10 = 0.167,8-30-17-24-35-10 = 0.231,8-30-17-38-26-6 = 0.397,6-26-23-24-8 = 0.603,10-27-38-37-6 = 0.205,8-28-34-15-33-8 = 0.333,8-28-34-15-20-8 = 0.167,8-22-28-17-31-8 = 0.013,10-22-34-15-20-8 = 0.5,10-22-28-40-8 = 0.474,10-22-28-30-12-8 = 0.013
0,0,647.455,0.0,647.455,0.0,Prune by CG,,7-26-7 = 0.5,10-36-10 = 1.0,7-28-34-15-7 = 0.5,10-21-32-10 = 1.0,7-22-28-23-7 = 0.5,7-27-38-37-7 = 0.75,7-27-38-25-35-7 = 0.25,7-26-23-24-7 = 0.25,7-22-34-15-7 = 0.5,7-25-35-24-7 = 0.5,7-23-24-35-7 = 0.25,10-30-17-40-33-20-7 = 0.25,7-30-17-40-33-20-7 = 0.75,3-14-13-29-3 = 1.0,7-26-37-25-10 = 0.25,3-31-12-11-19-10 = 1.0,10-18-39-16-3 = 1.0
0,0,688.463,0.0,688.463,0.0,Prune by CG,,7-26-7 = 0.052,7-38-21-25-7 = 0.229,7-28-34-15-7 = 0.406,7-22-28-23-7 = 0.5,7-27-38-37-7 = 0.552,7-27-38-25-35-7 = 0.031,7-26-23-24-7 = 0.5,7-22-34-15-7 = 0.5,7-25-35-24-7 = 0.01,7-26-37-25-7 = 0.448,7-27-21-32-7 = 0.208,7-21-36-32-7 = 0.281,3-14-13-29-3 = 0.906,3-13-40-31-29-3 = 0.094,3-14-31-16-3 = 0.094,3-31-33-12-16-3 = 0.094,3-39-12-31-16-3 = 0.302,3-39-19-11-3 = 0.188,3-39-16-3 = 0.51,3-40-33-12-19-3 = 0.188,3-31-12-11-19-3 = 0.417,7-18-36-32-7 = 0.51,7-18-21-25-35-7 = 0.281,7-27-18-36-19-3 = 0.208,3-30-17-24-35-7 = 0.49,3-30-17-40-33-20-3 = 0.51,3-40-33-11-20-3 = 0.208,7-38-35-11-20-3 = 0.187,7-28-34-15-20-3 = 0.094
0,0,645.167,0.0,645.167,0.0,Prune by CG,,8-16-8 = 1.0,7-26-7 = 1.0,9-39-9 = 1.0,7-34-15-23-7 = 0.25,7-28-34-15-7 = 0.35,7-22-28-23-7 = 0.55,7-22-28-30-12-8 = 0.05,7-27-38-37-7 = 1.0,7-28-17-40-31-8 = 0.05,7-22-34-15-7 = 0.3,7-22-34-15-20-8 = 0.1,7-25-35-24-7 = 0.7,7-23-24-11-8 = 0.2,8-14-13-29-8 = 1.0,8-31-12-33-24-7 = 0.1,8-30-17-40-33-20-8 = 0.4,8-30-17-40-12-31-8 = 0.05,9-18-21-19-9 = 0.2,9-18-21-25-35-7 = 0.3,8-31-12-11-19-9 = 0.8,9-30-17-40-33-20-8 = 0.5,5-21-36-32-5 = 0.5,5-18-36-32-5 = 0.5
0,0,666.525,0.0,666.525,0.0,Prune by CG,,8-16-8 = 0.667,10-21-37-25-10 = 0.333,10-27-38-37-10 = 0.333,10-21-38-25-10 = 0.667,8-39-16-8 = 0.333,10-18-36-32-10 = 1.0,8-14-13-29-8 = 1.0,8-39-19-10 = 0.667,8-31-12-11-19-10 = 0.167,8-40-33-12-19-10 = 0.167,8-30-17-40-12-31-8 = 0.5,8-31-33-24-35-10 = 0.333,10-27-26-37-35-10 = 0.333,8-30-17-24-35-10 = 0.333,10-27-26-23-11-8 = 0.333,8-28-34-15-33-8 = 0.333,8-28-34-15-20-8 = 0.333,10-22-34-15-20-8 = 0.333,10-22-28-40-8 = 0.167,10-22-28-30-12-8 = 0.167,10-22-26-23-20-8 = 0.333,10-23-24-11-8 = 0.333,8-40-17-33-11-8 = 0.167
0,0,668.544,0.0,668.544,0.0,Prune by CG,,2-34-2 = 1.0,7-22-24-35-7 = 0.185,7-27-38-37-7 = 0.53,7-26-23-24-7 = 0.528,7-22-38-25-7 = 0.47,7-22-28-15-2 = 0.314,2-15-23-24-35-7 = 0.268,2-15-20-11-24-7 = 0.014,7-26-37-25-7 = 0.265,7-26-37-23-7 = 0.204,7-21-36-32-7 = 0.735,7-22-17-40-15-2 = 0.026,2-14-13-29-2 = 0.44,2-14-13-40-15-2 = 0.379,2-40-33-12-19-7 = 0.035,7-18-36-32-7 = 0.265,7-18-21-25-35-7 = 0.265,7-27-18-39-19-7 = 0.47,2-22-24-35-7 = 0.006,2-28-30-17-33-20-2 = 0.686,2-17-33-20-11-35-7 = 0.276,2-40-12-31-29-2 = 0.56,2-14-31-12-11-2 = 0.181,2-17-39-19-11-2 = 0.011,2-31-16-19-7 = 0.057,2-31-16-11-20-2 = 0.021,7-39-16-19-7 = 0.428,2-13-31-16-11-2 = 0.181,7-30-39-16-11-2 = 0.092,7-26-33-12-11-20-2 = 0.002,7-30-12-16-11-2 = 0.222
0,0,642.726,0.0,642.726,0.0,Prune by CG,,7-26-7 = 1.0,7-34-15-23-7 = 0.333,7-28-34-15-7 = 0.333,10-21-32-10 = 1.0,10-18-36-10 = 1.0,7-22-28-23-7 = 0.667,7-27-38-37-7 = 1.0,7-22-34-15-7 = 0.333,7-25-35-24-7 = 1.0,8-14-13-29-8 = 1.0,8-30-17-40-33-20-8 = 1.0,8-31-12-11-19-4 = 1.0,4-39-16-8 = 1.0
0,0,653.804,0.0,653.804,0.0,Prune by CG,,2-34-2 = 1.0,10-21-32-10 = 0.235,10-27-37-25-10 = 0.128,10-18-36-10 = 0.225,10-21-38-25-10 = 0.76,10-18-36-32-10 = 0.765,2-15-23-24-35-10 = 0.294,10-21-25-35-11-9 = 0.005,10-25-24-11-9 = 0.107,10-18-36-19-9 = 0.01,9-39-16-19-9 = 0.694,9-30-40-31-16-9 = 0.055,9-30-17-40-33-20-9 = 0.196,9-30-17-40-31-12-9 = 0.213,9-30-17-33-20-11-9 = 0.536,9-39-12-11-19-9 = 0.296,9-17-40-20-11-9 = 0.055,3-14-13-29-3 = 0.76,3-13-40-31-29-3 = 0.24,9-39-12-31-16-9 = 0.01,3-14-31-16-9 = 0.24,2-22-28-15-2 = 0.642,10-27-26-37-35-10 = 0.22,10-27-37-23-2 = 0.348,10-27-26-37-15-2 = 0.064,6-26-37-23-2 = 0.24,2-22-28-26-6 = 0.358,9-12-20-24-35-10 = 0.213,9-12-33-24-35-10 = 0.268,10-27-38-40-31-3 = 0.24,6-26-23-24-9 = 0.118
0,0,640.857,0.0,640.857,0.0,Prune by CG,,7-26-7 = 1.0,10-36-10 = 1.0,10-21-32-10 = 1.0,7-22-28-23-7 = 1.0,7-27-38-37-7 = 1.0,7-25-35-24-7 = 1.0,2-34-15-2 = 1.0,7-30-17-40-33-20-7 = 1.0,3-14-13-29-3 = 1.0,3-31-12-11-19-10 = 1.0,10-18-39-16-3 = 1.0
0,0,633.886,0.0,633.886,0.0,Prune by CG,,7-26-7 = 1.0,7-34-15-23-7 = 0.333,7-28-34-15-7 = 0.333,10-21-32-10 = 1.0,10-18-36-10 = 1.0,7-22-28-23-7 = 0.667,7-27-38-37-7 = 1.0,7-22-34-15-7 = 0.333,7-25-35-24-7 = 1.0,8-14-13-29-8 = 1.0,8-30-17-40-33-20-8 = 1.0,8-31-12-11-19-4 = 1.0,4-39-16-8 = 1.0
0,0,615.511,0.0,615.511,0.0,Prune by CG,,7-26-7 = 1.0,7-34-15-23-7 = 0.3,7-28-34-15-7 = 0.3,10-21-32-10 = 1.0,10-18-36-10 = 1.0,7-22-28-23-7 = 0.6,7-27-38-37-7 = 0.9,7-27-38-25-35-7 = 0.1,7-37-25-23-7 = 0.1,7-22-34-15-7 = 0.4,7-25-35-24-7 = 0.8,9-12-33-11-19-9 = 0.3,9-12-33-20-24-7 = 0.2,7-17-40-20-11-9 = 0.2,9-39-19-9 = 0.3,9-39-16-19-9 = 0.4,9-30-40-20-11-35-7 = 0.1,9-30-40-31-16-9 = 0.2,9-30-17-40-33-20-9 = 0.1,9-30-17-40-31-12-9 = 0.2,9-30-17-33-20-11-9 = 0.4,7-28-17-40-31-3 = 0.1,3-14-13-29-3 = 0.9,3-13-40-31-29-3 = 0.1,9-39-12-31-16-9 = 0.3,3-14-31-16-9 = 0.1
0,0,654.662,0.0,654.662,0.0,Prune by CG,,8-16-8 = 0.512,2-34-2 = 0.366,10-21-25-35-11-8 = 0.366,10-21-32-10 = 0.098,10-18-39-19-10 = 0.098,10-27-37-25-10 = 0.098,10-27-38-40-31-8 = 0.439,10-27-35-24-20-8 = 0.073,10-36-35-24-20-8 = 0.098,10-21-38-25-10 = 0.537,8-39-16-8 = 0.488,10-18-36-32-10 = 0.902,8-14-13-29-8 = 1.0,8-39-19-10 = 0.171,8-31-12-11-19-10 = 0.39,8-40-33-12-19-10 = 0.098,8-30-17-40-33-20-8 = 0.463,8-39-12-11-19-10 = 0.244,2-34-15-2 = 0.634,2-15-23-24-35-10 = 0.122,2-22-28-15-2 = 0.244,2-22-28-33-12-8 = 0.268,8-31-33-24-35-10 = 0.171,8-30-17-24-35-10 = 0.171,8-30-17-24-20-8 = 0.366,10-27-37-23-2 = 0.366,6-26-37-23-2 = 0.512,2-22-28-26-6 = 0.488,10-27-38-37-6 = 0.024
0,0,655.445,0.0,655.445,0.0,Prune by CG,,8-16-8 = 0.444,2-34-2 = 1.0,10-21-32-10 = 0.222,10-27-37-25-10 = 0.222,10-27-38-40-31-8 = 0.222,10-18-36-10 = 0.222,10-27-35-24-20-8 = 0.222,10-21-38-25-10 = 0.778,10-18-36-32-10 = 0.778,8-14-13-29-8 = 1.0,8-30-17-40-33-20-8 = 0.778,2-15-23-24-35-10 = 0.333,8-31-12-11-19-4 = 0.556,4-39-16-8 = 0.556,4-39-12-11-19-4 = 0.444,2-22-28-15-2 = 0.556,8-31-33-24-35-10 = 0.222,8-30-17-24-35-10 = 0.222,10-27-37-23-2 = 0.222,10-27-26-37-15-2 = 0.111,6-26-37-23-2 = 0.444,2-22-28-26-6 = 0.444
0,0,657.319,0.0,657.319,0.0,Prune by CG,,7-26-7 = 1.0,2-34-2 = 0.727,7-22-28-23-7 = 1.0,7-27-38-37-7 = 1.0,7-25-35-24-7 = 0.5,7-30-17-24-35-7 = 0.182,2-34-15-2 = 0.273,7-17-33-20-11-35-7 = 0.045,7-30-17-40-33-20-7 = 0.273,5-21-36-32-5 = 0.5,5-18-21-25-7 = 0.227,5-18-21-25-35-7 = 0.273,4-39-12-11-19-4 = 0.591,2-14-13-40-15-2 = 0.727,4-39-16-19-4 = 0.068,4-39-31-29-19-4 = 0.068,4-39-12-31-16-4 = 0.273,4-14-13-29-4 = 0.273,4-31-29-16-4 = 0.659,4-18-36-32-5 = 0.5,7-30-33-20-24-7 = 0.318,7-30-17-33-20-11-4 = 0.227,7-17-33-12-19-4 = 0.136,7-17-20-11-19-4 = 0.136
0,0,646.983,0.0,646.983,0.0,Prune by CG,,7-26-7 = 1.0,7-28-34-15-7 = 0.5,7-22-28-23-7 = 0.5,7-27-38-37-7 = 1.0,7-22-34-15-7 = 0.5,7-25-35-24-7 = 0.5,7-23-24-11-9 = 0.5,9-14-13-29-9 = 0.5,9-14-13-31-12-9 = 0.5,9-39-16-19-9 = 0.5,9-31-29-16-9 = 0.5,9-30-17-40-33-20-9 = 1.0,9-39-12-11-19-9 = 0.5,5-21-36-32-5 = 0.5,5-18-21-25-35-7 = 0.5,9-18-36-32-5 = 0.5
0,0,621.25,0.0,621.25,0.0,Prune by CG,,8-16-8 = 1.0,7-26-7 = 1.0,9-39-9 = 1.0,7-22-28-23-7 = 0.727,7-22-28-30-12-8 = 0.182,7-27-38-37-7 = 0.97,7-37-25-23-7 = 0.03,7-28-17-40-31-8 = 0.091,7-25-35-24-7 = 0.758,7-23-24-11-8 = 0.182,7-23-24-35-7 = 0.061,7-22-17-40-31-8 = 0.091,8-14-13-29-8 = 1.0,8-31-12-33-20-11-8 = 0.182,8-30-17-40-33-20-8 = 0.727,2-34-15-2 = 1.0,7-38-25-19-9 = 0.03,9-18-36-32-7 = 0.394,9-18-36-32-9 = 0.091,9-18-36-19-9 = 0.03,9-18-21-19-9 = 0.303,7-27-21-32-7 = 0.03,9-18-21-25-35-7 = 0.182,7-21-36-32-7 = 0.485,8-31-12-11-19-9 = 0.636,9-30-17-40-33-20-8 = 0.091
0,0,653.361,0.0,653.361,0.0,Prune by CG,,8-16-8 = 1.0,2-34-2 = 1.0,9-39-9 = 0.5,10-21-38-25-10 = 1.0,10-18-36-32-10 = 1.0,8-14-13-29-8 = 0.917,8-14-40-31-8 = 0.083,8-13-40-31-29-8 = 0.083,9-39-12-11-19-9 = 0.5,8-31-12-11-19-9 = 0.5,9-30-17-40-33-20-8 = 0.833,2-22-28-15-2 = 1.0,8-31-33-24-35-10 = 0.167,8-31-20-24-35-10 = 0.167,10-27-26-37-35-10 = 0.5,10-27-37-23-2 = 0.5,2-26-23-24-9 = 0.5,9-30-17-24-35-10 = 0.167
0,0,677.086,0.0,677.086,0.0,Prune by CG,,8-16-8 = 0.685,2-34-2 = 0.91,8-39-12-11-19-8 = 0.528,8-39-16-8 = 0.315,8-14-13-29-8 = 0.848,8-14-40-31-8 = 0.152,8-31-12-11-19-8 = 0.011,8-13-40-31-29-8 = 0.152,8-30-17-40-33-20-8 = 0.202,2-34-15-2 = 0.09,2-28-17-40-31-8 = 0.18,8-40-33-12-19-8 = 0.303,8-39-19-8 = 0.157,5-18-36-32-5 = 1.0,2-26-37-23-2 = 0.73,2-22-28-15-2 = 0.82,2-22-27-26-23-2 = 0.18,8-30-17-24-20-8 = 0.169,8-30-35-24-20-8 = 0.18,5-27-37-23-2 = 0.09,5-27-37-25-5 = 0.09,5-27-26-37-15-2 = 0.09,5-27-38-40-31-8 = 0.011,8-12-35-24-20-8 = 0.157,5-21-25-35-11-8 = 0.461,5-27-38-21-5 = 0.539,8-30-17-38-25-5 = 0.449,8-31-33-24-35-5 = 0.202,8-31-33-24-20-8 = 0.292
0,0,645.125,0.0,645.125,0.0,Prune by CG,,7-26-7 = 1.0,7-22-28-23-7 = 1.0,7-27-38-37-7 = 1.0,7-25-35-24-7 = 0.875,2-34-15-2 = 1.0,9-14-13-29-9 = 0.625,9-14-13-31-12-9 = 0.375,9-39-16-9 = 0.375,9-12-33-20-24-7 = 0.125,7-17-40-20-11-9 = 0.125,7-17-40-33-11-9 = 0.125,9-39-19-9 = 0.125,9-31-29-16-9 = 0.375,9-30-40-31-16-9 = 0.25,9-30-17-40-33-20-9 = 0.5,9-30-17-33-20-11-9 = 0.25,9-39-12-11-19-9 = 0.5,9-18-21-19-9 = 0.375,9-18-21-25-35-7 = 0.125,5-21-36-32-5 = 0.5,5-18-36-32-5 = 0.5
0,0,618.361,0.0,618.361,0.0,Prune by CG,,7-26-7 = 1.0,7-34-15-23-7 = 0.333,7-28-34-15-7 = 0.333,10-21-32-10 = 1.0,10-18-36-10 = 1.0,7-22-28-23-7 = 0.667,7-27-38-37-7 = 1.0,7-22-34-15-7 = 0.333,7-25-35-24-7 = 1.0,8-14-13-29-8 = 1.0,8-30-17-40-33-20-8 = 1.0,8-31-12-11-19-4 = 1.0,4-39-16-8 = 1.0
0,0,669.194,0.0,669.194,0.0,Prune by CG,,8-16-8 = 1.0,2-34-2 = 1.0,9-39-9 = 1.0,8-14-13-29-8 = 1.0,8-30-17-40-33-20-8 = 0.286,8-30-17-40-12-31-8 = 0.143,9-18-36-32-9 = 0.357,9-36-32-19-9 = 0.5,8-31-12-11-19-9 = 0.5,2-26-37-23-2 = 0.857,2-22-28-15-2 = 0.714,2-22-27-26-23-2 = 0.143,8-30-17-24-20-8 = 0.286,8-12-33-24-20-8 = 0.357,8-40-17-33-11-8 = 0.286,8-31-33-24-20-8 = 0.071,2-28-27-38-15-2 = 0.286,2-22-27-37-2 = 0.143,9-21-25-35-11-8 = 0.214,9-21-36-32-9 = 0.143,9-18-21-25-35-9 = 0.643,9-30-38-24-9 = 0.286,9-27-38-25-35-9 = 0.143,9-27-38-40-31-8 = 0.286
0,0,619.55,0.0,619.55,0.0,Prune by CG,,7-26-7 = 1.0,2-34-2 = 0.059,10-21-32-10 = 1.0,10-18-36-10 = 1.0,7-22-28-23-7 = 1.0,7-27-38-37-7 = 1.0,7-25-35-24-7 = 1.0,2-34-15-2 = 0.941,9-14-13-29-9 = 0.529,9-14-13-31-12-9 = 0.412,7-17-40-20-11-9 = 0.059,7-17-40-33-11-9 = 0.059,9-39-16-19-9 = 0.412,9-31-29-16-9 = 0.471,9-30-40-31-16-9 = 0.118,9-30-17-40-33-20-7 = 0.118,9-30-17-40-33-20-9 = 0.529,9-30-17-33-20-11-9 = 0.235,9-39-12-11-19-9 = 0.588,2-40-33-20-11-9 = 0.059,9-14-13-40-15-2 = 0.059
0,0,666.19,0.0,666.19,0.0,Prune by CG,,8-16-8 = 1.0,2-34-2 = 0.958,9-39-9 = 1.0,8-14-13-29-8 = 1.0,8-30-17-40-33-20-8 = 0.25,2-34-15-2 = 0.042,8-31-12-11-19-9 = 0.5,9-18-36-32-5 = 1.0,2-26-37-23-2 = 0.833,2-22-28-15-2 = 0.958,2-28-27-26-23-2 = 0.042,2-22-27-26-23-2 = 0.042,8-30-17-24-20-8 = 0.25,8-40-33-12-19-9 = 0.5,9-30-17-24-20-8 = 0.5,5-27-37-23-2 = 0.083,5-27-38-40-31-8 = 0.25,2-26-37-25-5 = 0.083,5-21-25-35-11-8 = 0.5,5-21-38-25-5 = 0.167,5-27-38-21-5 = 0.333,8-31-33-24-35-9 = 0.25,5-27-38-25-35-9 = 0.25
0,0,680.613,0.0,680.613,0.0,Prune by CG,,8-16-8 = 0.309,2-34-2 = 1.0,8-39-12-11-19-8 = 0.154,8-39-16-8 = 0.691,8-14-13-29-8 = 0.846,8-14-40-31-8 = 0.154,8-31-12-11-19-8 = 0.382,8-13-40-31-29-8 = 0.154,8-30-17-40-33-20-8 = 0.382,2-15-23-24-20-8 = 0.257,8-40-33-12-19-8 = 0.309,8-39-19-8 = 0.154,5-18-36-32-5 = 1.0,2-22-28-15-2 = 0.669,8-30-17-24-20-8 = 0.206,8-30-17-38-26-6 = 0.147,6-26-37-23-2 = 0.529,2-22-28-26-6 = 0.324,5-27-37-23-2 = 0.14,5-27-37-25-5 = 0.272,2-15-23-24-35-5 = 0.074,8-12-35-24-20-8 = 0.154,2-28-38-21-5 = 0.007,5-21-25-35-11-8 = 0.463,5-27-38-21-5 = 0.522,8-30-17-38-25-5 = 0.265,8-31-33-24-35-5 = 0.309,2-22-27-21-5 = 0.007,5-27-38-37-6 = 0.059
0,0,630.034,0.0,630.034,0.0,Prune by CG,,7-26-7 = 1.0,9-39-9 = 0.12,7-22-28-23-7 = 0.88,7-27-38-37-7 = 0.96,7-37-25-23-7 = 0.04,7-25-35-24-7 = 0.92,7-23-24-35-7 = 0.08,2-34-15-2 = 1.0,7-38-25-19-9 = 0.04,7-28-40-33-12-9 = 0.12,7-22-40-33-12-9 = 0.12,9-14-13-29-9 = 0.6,9-14-13-31-12-9 = 0.4,9-39-16-9 = 0.44,7-17-40-20-11-9 = 0.2,9-39-19-9 = 0.12,9-31-29-16-9 = 0.4,9-30-40-20-11-9 = 0.04,9-30-40-31-16-9 = 0.16,9-30-17-40-33-20-9 = 0.32,9-30-17-40-31-12-9 = 0.04,9-30-17-33-20-11-9 = 0.44,9-39-12-11-19-9 = 0.32,9-18-36-32-7 = 0.48,9-18-36-19-9 = 0.04,9-18-21-19-9 = 0.48,7-27-21-32-7 = 0.04,7-21-36-32-7 = 0.48
0,0,655.704,0.0,655.704,0.0,Prune by CG,,8-16-8 = 0.36,7-26-7 = 1.0,7-28-34-15-7 = 0.5,7-22-28-23-7 = 0.5,7-27-38-37-7 = 0.8,7-37-24-7 = 0.04,7-37-25-23-7 = 0.16,7-22-34-15-7 = 0.5,7-25-35-24-7 = 0.44,7-23-24-11-8 = 0.18,7-23-24-35-7 = 0.16,8-14-13-29-8 = 1.0,8-31-33-20-24-7 = 0.18,8-30-17-40-33-20-8 = 0.82,8-30-17-40-12-31-8 = 0.18,7-38-21-36-5 = 0.2,5-21-36-32-5 = 0.2,5-18-36-32-5 = 0.6,5-18-21-25-35-7 = 0.4,7-27-21-32-5 = 0.2,8-31-12-11-19-4 = 0.64,4-39-19-4 = 0.18,4-39-16-8 = 0.64,4-39-12-11-19-4 = 0.18
0,0,666.659,0.0,666.659,0.0,Prune by CG,,7-26-7 = 1.0,7-22-28-23-7 = 1.0,7-27-38-37-7 = 1.0,7-25-35-24-7 = 1.0,2-34-15-2 = 1.0,7-30-17-40-33-20-7 = 1.0,3-14-13-29-3 = 1.0,5-21-36-32-5 = 1.0,5-18-39-16-3 = 1.0,3-31-12-11-19-5 = 1.0
0,0,644.511,0.0,644.511,0.0,Prune by CG,,8-16-8 = 1.0,7-26-7 = 1.0,9-39-9 = 1.0,7-34-15-23-7 = 0.25,7-28-34-15-7 = 0.25,7-28-34-15-20-8 = 0.1,7-22-28-23-7 = 0.55,7-22-28-30-12-8 = 0.05,7-27-38-37-7 = 1.0,7-28-17-40-31-8 = 0.05,7-22-34-15-7 = 0.4,7-25-35-24-7 = 0.7,7-23-24-11-8 = 0.2,8-14-13-29-8 = 1.0,8-31-12-33-24-7 = 0.1,8-30-17-40-33-20-8 = 0.45,9-18-21-19-9 = 0.2,8-31-12-11-19-9 = 0.8,9-30-17-40-33-20-8 = 0.45,9-30-17-40-12-31-8 = 0.05,5-21-36-32-5 = 0.5,5-18-36-32-5 = 0.2,5-18-21-25-35-7 = 0.3,9-18-36-32-5 = 0.3
0,0,669.566,0.0,669.566,0.0,Prune by CG,,8-16-8 = 1.0,2-34-2 = 1.0,9-39-9 = 1.0,8-14-13-29-8 = 1.0,8-30-17-40-33-20-8 = 0.09,2-15-23-24-20-8 = 0.303,2-28-17-40-31-8 = 0.09,8-31-12-11-19-9 = 0.545,9-30-17-40-33-20-8 = 0.228,8-30-38-21-36-5 = 0.09,9-18-36-32-5 = 0.91,2-22-28-15-2 = 0.697,2-22-27-26-23-2 = 0.09,8-30-17-24-20-8 = 0.152,8-40-33-12-19-9 = 0.455,8-30-17-38-26-6 = 0.124,6-26-37-23-2 = 0.572,2-22-28-26-6 = 0.214,5-27-37-23-2 = 0.034,5-27-37-25-5 = 0.159,5-27-38-40-31-8 = 0.138,5-21-25-35-11-8 = 0.455,5-21-38-25-5 = 0.159,5-27-38-21-5 = 0.117,8-31-33-24-20-8 = 0.228,5-27-21-32-5 = 0.09,9-18-21-25-35-9 = 0.09,5-27-38-25-35-9 = 0.138,9-30-17-24-35-9 = 0.317,5-27-38-37-6 = 0.234
0,0,676.85,0.0,676.85,0.0,Prune by CG,,7-26-7 = 0.286,7-28-34-15-7 = 0.492,7-22-28-23-7 = 0.492,7-27-38-37-7 = 0.667,7-27-38-25-35-7 = 0.333,7-26-23-24-7 = 0.381,7-22-34-15-7 = 0.508,7-25-35-24-7 = 0.46,7-30-17-24-35-7 = 0.095,7-26-37-25-7 = 0.206,7-26-37-23-7 = 0.127,7-17-33-20-11-35-7 = 0.032,7-30-40-20-11-35-7 = 0.048,7-30-17-40-20-35-7 = 0.032,7-30-17-40-33-20-7 = 0.778,7-28-17-40-31-3 = 0.016,3-14-13-29-3 = 1.0,5-21-36-32-5 = 1.0,3-31-33-20-24-7 = 0.063,7-30-17-40-33-20-3 = 0.048,3-40-33-12-19-5 = 0.079,5-18-39-16-3 = 1.0,3-31-12-11-19-5 = 0.921
0,0,676.095,0.0,676.095,0.0,Prune by CG,,7-26-7 = 0.245,2-34-2 = 1.0,7-22-24-35-7 = 0.028,7-22-28-23-7 = 0.506,7-27-38-37-7 = 0.775,7-26-23-24-7 = 0.494,7-22-38-25-7 = 0.124,7-25-35-24-7 = 0.325,7-22-28-15-2 = 0.305,7-26-37-25-7 = 0.225,7-17-40-33-11-7 = 0.221,7-17-33-20-11-35-7 = 0.237,7-30-17-33-11-35-7 = 0.084,7-22-28-26-7 = 0.036,7-30-12-31-29-20-7 = 0.763,7-38-21-36-5 = 0.1,5-21-36-32-5 = 0.225,5-18-36-32-5 = 0.55,5-18-21-36-5 = 0.124,5-18-21-25-35-7 = 0.325,7-27-21-32-5 = 0.225,2-14-13-29-2 = 0.153,2-14-13-31-11-7 = 0.153,2-14-13-40-15-2 = 0.695,7-17-33-24-7 = 0.153,7-30-17-33-12-11-7 = 0.153,2-28-17-33-11-7 = 0.153,2-40-12-31-29-2 = 0.084,5-39-16-19-5 = 1.0
0,0,653.96,0.0,653.96,0.0,Prune by CG,,7-26-7 = 0.987,10-36-10 = 0.103,7-34-15-23-7 = 0.256,7-28-34-15-7 = 0.372,10-21-25-23-7 = 0.103,10-21-32-10 = 0.897,10-18-36-10 = 0.795,7-22-28-23-7 = 0.628,7-27-38-37-7 = 1.0,7-26-23-24-7 = 0.013,7-22-34-15-7 = 0.372,7-25-35-24-7 = 0.897,10-18-36-32-10 = 0.103,7-17-33-20-11-35-7 = 0.103,3-14-13-29-3 = 0.679,3-13-40-31-29-3 = 0.321,4-39-12-11-19-4 = 0.436,4-39-16-19-4 = 0.385,4-39-12-31-16-4 = 0.179,4-30-17-40-33-20-7 = 0.179,4-30-17-33-20-11-10 = 0.205,3-14-31-16-4 = 0.321,4-12-11-24-7 = 0.077,4-12-33-20-24-7 = 0.013,3-31-12-11-19-4 = 0.179,7-30-17-40-33-20-3 = 0.372,4-30-17-40-33-20-3 = 0.128,10-18-30-12-16-4 = 0.103,4-30-17-12-16-4 = 0.013
0,0,693.721,0.0,693.721,0.0,Prune by CG,,7-26-7 = 0.071,7-28-34-15-7 = 0.5,7-22-28-23-7 = 0.257,7-27-38-37-7 = 0.657,7-26-23-24-7 = 0.686,7-22-34-15-7 = 0.5,7-14-13-29-7 = 0.5,7-17-40-33-23-7 = 0.057,7-17-33-20-11-35-7 = 0.2,7-22-28-26-7 = 0.243,5-21-32-5 = 0.329,5-18-36-32-5 = 0.671,5-18-21-36-5 = 0.329,5-25-35-24-7 = 0.314,5-21-38-25-5 = 0.343,5-39-16-19-5 = 1.0,7-14-13-31-12-5 = 0.5,7-17-40-33-11-5 = 0.486,5-12-31-29-20-35-7 = 0.014,5-30-17-40-33-20-7 = 0.043,5-30-17-40-33-35-7 = 0.157,5-30-17-33-11-35-7 = 0.057,5-30-12-31-29-20-7 = 0.486,7-27-37-25-5 = 0.343,5-30-40-20-11-35-7 = 0.257
0,0,672.011,0.0,672.011,0.0,Prune by CG,,2-34-2 = 1.0,10-36-32-10 = 0.042,10-21-38-25-10 = 1.0,10-18-36-32-10 = 0.958,2-15-23-24-35-10 = 0.208,3-14-13-29-3 = 0.5,10-30-17-40-33-20-3 = 0.333,3-13-40-31-29-3 = 0.5,4-39-12-11-19-4 = 0.542,4-39-16-19-4 = 0.458,2-26-23-24-10 = 0.167,2-22-26-37-10 = 0.021,2-22-28-23-2 = 0.167,2-22-28-15-2 = 0.542,2-22-28-26-15-2 = 0.25,2-22-27-26-23-2 = 0.021,10-27-26-37-35-10 = 0.542,10-30-17-24-35-10 = 0.208,3-14-31-16-4 = 0.5,4-30-17-40-33-20-3 = 0.125,10-18-30-12-16-4 = 0.042,4-30-17-33-20-11-4 = 0.292,10-27-37-23-2 = 0.438,2-28-17-40-20-3 = 0.042,4-12-11-24-10 = 0.167,4-12-33-20-24-10 = 0.208,4-12-33-24-35-10 = 0.042
0,0,636.869,0.0,636.869,0.0,Prune by CG,,8-16-8 = 1.0,7-26-7 = 1.0,7-38-21-25-7 = 0.172,7-22-28-23-7 = 0.344,7-27-38-37-7 = 0.828,7-37-25-23-7 = 0.172,7-28-17-40-31-8 = 0.219,7-25-35-24-7 = 0.328,7-23-24-11-8 = 0.141,7-23-24-35-7 = 0.344,7-22-17-40-31-8 = 0.219,8-14-13-29-8 = 1.0,8-31-12-33-20-11-8 = 0.25,8-31-33-20-24-7 = 0.047,8-30-17-40-33-20-8 = 0.562,2-34-15-2 = 1.0,7-27-21-32-7 = 0.172,7-21-36-32-7 = 0.328,8-12-33-20-24-7 = 0.141,7-22-28-30-39-4 = 0.438,8-39-12-11-19-4 = 0.125,8-31-12-11-19-4 = 0.266,4-39-19-4 = 0.219,4-39-12-11-19-4 = 0.219,4-18-36-32-7 = 0.5,4-18-36-19-4 = 0.172,4-18-21-25-35-7 = 0.328
0,0,672.195,0.0,672.195,0.0,Prune by CG,,8-16-8 = 1.0,9-39-9 = 1.0,10-21-37-25-10 = 0.408,10-21-32-10 = 0.092,10-27-38-37-10 = 0.5,10-18-36-10 = 0.092,10-21-38-25-10 = 0.5,10-18-36-32-10 = 0.908,8-14-13-29-8 = 1.0,8-31-12-11-19-9 = 0.513,8-31-33-24-35-10 = 0.197,8-40-33-12-19-9 = 0.474,10-27-26-23-11-8 = 0.487,9-30-17-24-35-10 = 0.711,8-28-34-15-33-8 = 0.316,8-28-34-15-20-8 = 0.434,10-25-23-24-10 = 0.092,10-22-34-15-20-8 = 0.25,8-22-28-40-8 = 0.079,8-22-28-33-12-8 = 0.013,10-22-28-40-8 = 0.158,8-22-26-23-20-8 = 0.316,10-22-26-37-10 = 0.092,10-22-26-23-35-10 = 0.092,9-30-17-40-31-8 = 0.289,10-27-26-23-19-9 = 0.013
0,0,666.918,0.0,666.918,0.0,Prune by CG,,7-26-7 = 0.45,7-28-34-15-7 = 0.5,10-21-25-23-7 = 0.087,10-21-32-10 = 0.825,10-18-36-10 = 0.825,7-22-28-23-7 = 0.5,7-27-25-24-7 = 0.037,7-27-38-37-7 = 0.862,7-27-38-25-35-7 = 0.1,7-26-23-24-7 = 0.412,10-21-38-25-10 = 0.037,7-22-34-15-7 = 0.5,7-25-35-24-7 = 0.55,10-18-36-32-10 = 0.175,7-17-33-20-11-35-7 = 0.35,7-30-17-40-33-20-7 = 0.6,10-21-25-19-4 = 0.05,4-39-12-11-19-4 = 0.65,7-26-37-25-10 = 0.137,4-39-16-19-4 = 0.3,4-39-12-31-16-4 = 0.05,4-14-13-29-4 = 0.7,4-14-13-31-12-4 = 0.3,4-31-29-16-4 = 0.3,4-30-40-31-16-4 = 0.35,4-30-17-40-33-20-7 = 0.05
0,0,680.306,0.0,680.306,0.0,Prune by CG,,10-21-37-25-10 = 0.5,10-21-32-10 = 0.25,10-27-37-25-10 = 0.25,10-27-38-37-10 = 0.25,10-27-38-23-35-10 = 0.5,10-18-36-10 = 0.25,10-21-38-25-10 = 0.25,10-18-36-32-10 = 0.75,9-14-13-29-9 = 0.7,9-14-13-31-12-9 = 0.3,9-39-16-9 = 0.25,9-12-33-11-19-9 = 0.2,9-39-19-9 = 0.3,9-39-16-19-9 = 0.05,9-40-17-33-11-9 = 0.4,9-31-29-16-9 = 0.3,9-30-40-31-16-9 = 0.4,9-30-17-40-33-20-9 = 0.15,9-39-12-11-19-9 = 0.4,9-30-17-24-35-10 = 0.45,9-12-33-24-35-10 = 0.05,6-26-23-24-10 = 0.5,10-22-34-15-20-9 = 0.5,9-28-34-15-20-9 = 0.35,9-28-34-15-33-9 = 0.15,9-40-33-12-19-9 = 0.05,10-22-28-26-6 = 0.5
0,0,635.296,0.0,635.296,0.0,Prune by CG,,7-26-7 = 1.0,7-28-34-15-7 = 0.5,7-22-28-23-7 = 0.5,7-27-38-37-7 = 1.0,7-22-34-15-7 = 0.5,7-25-35-24-7 = 0.5,7-23-24-11-9 = 0.5,9-14-13-29-9 = 0.5,9-14-13-31-12-9 = 0.5,9-39-16-19-9 = 0.5,9-31-29-16-9 = 0.5,9-30-17-40-33-20-9 = 1.0,9-39-12-11-19-9 = 0.5,9-18-21-25-35-7 = 0.5,5-21-36-32-5 = 0.5,5-18-36-32-5 = 0.5
0,0,647.385,0.0,647.385,0.0,Prune by CG,,8-16-8 = 1.0,7-26-7 = 0.6,7-38-21-25-7 = 0.1,7-34-15-23-7 = 0.233,7-28-34-15-7 = 0.2,7-22-28-23-7 = 0.067,7-27-38-37-7 = 0.9,7-37-25-23-7 = 0.1,7-26-23-24-7 = 0.4,7-28-17-40-31-8 = 0.367,7-22-34-15-7 = 0.567,7-25-35-24-7 = 0.4,7-23-24-35-7 = 0.2,8-14-13-29-8 = 1.0,8-31-12-33-20-11-8 = 0.367,8-30-17-40-33-20-8 = 0.633,7-27-21-32-7 = 0.1,7-21-36-32-7 = 0.4,7-22-28-30-39-4 = 0.367,8-39-19-4 = 0.1,8-31-12-11-19-4 = 0.267,4-39-19-4 = 0.167,4-39-12-11-19-4 = 0.367,4-18-36-32-4 = 0.167,4-18-36-32-7 = 0.333,4-18-36-19-4 = 0.1,4-18-21-25-35-7 = 0.4
0,0,678.921,0.0,678.921,0.0,Prune by CG,,8-16-8 = 1.0,9-39-9 = 1.0,10-21-37-25-10 = 0.5,10-21-32-10 = 0.25,10-27-37-25-10 = 0.25,10-27-38-37-10 = 0.25,10-27-38-23-35-10 = 0.5,10-18-36-10 = 0.25,10-21-38-25-10 = 0.25,8-13-40-33-11-8 = 0.062,10-18-36-32-10 = 0.75,8-14-13-29-8 = 0.938,8-14-40-31-8 = 0.062,8-31-12-11-19-9 = 0.75,9-30-17-40-33-20-8 = 0.25,8-40-33-12-19-9 = 0.25,9-30-40-31-29-8 = 0.062,9-30-17-24-35-10 = 0.5,6-26-23-24-10 = 0.5,8-28-34-15-33-8 = 0.25,8-28-34-15-20-8 = 0.25,10-22-34-15-20-8 = 0.5,8-40-17-33-11-8 = 0.125,9-30-17-40-31-8 = 0.125,10-22-28-26-6 = 0.5,9-30-40-33-11-8 = 0.062
0,0,681.865,0.0,681.865,0.0,Prune by CG,,8-16-8 = 0.685,2-34-2 = 0.91,8-14-13-29-8 = 0.848,8-14-40-31-8 = 0.152,8-13-40-31-29-8 = 0.152,8-30-17-40-33-20-8 = 0.202,2-34-15-2 = 0.09,2-28-17-40-31-8 = 0.18,5-18-36-32-5 = 1.0,8-31-12-11-19-4 = 0.011,8-40-33-12-19-4 = 0.303,4-39-19-4 = 0.157,4-39-16-8 = 0.315,4-39-12-11-19-4 = 0.528,2-26-37-23-2 = 0.73,2-22-28-15-2 = 0.82,2-22-27-26-23-2 = 0.18,8-30-17-24-20-8 = 0.169,8-30-35-24-20-8 = 0.18,5-27-37-23-2 = 0.09,5-27-37-25-5 = 0.09,5-27-26-37-15-2 = 0.09,5-27-38-40-31-8 = 0.011,8-12-35-24-20-8 = 0.157,5-21-25-35-11-8 = 0.461,5-27-38-21-5 = 0.539,8-30-17-38-25-5 = 0.449,8-31-33-24-35-5 = 0.202,8-31-33-24-20-8 = 0.292
0,0,664.564,0.0,664.564,0.0,Prune by CG,,8-16-8 = 1.0,7-26-7 = 1.0,7-38-21-25-7 = 0.172,7-22-28-23-7 = 0.344,7-27-38-37-7 = 0.828,7-37-25-23-7 = 0.172,7-28-17-40-31-8 = 0.219,7-25-35-24-7 = 0.328,7-23-24-11-8 = 0.141,7-23-24-35-7 = 0.344,7-22-17-40-31-8 = 0.219,8-14-13-29-8 = 1.0,8-31-12-33-20-11-8 = 0.25,8-31-33-20-24-7 = 0.047,8-30-17-40-33-20-8 = 0.562,2-34-15-2 = 1.0,7-27-21-32-7 = 0.172,7-21-36-32-7 = 0.328,8-12-33-20-24-7 = 0.141,7-22-28-30-39-4 = 0.438,8-39-19-4 = 0.125,8-31-12-11-19-4 = 0.266,4-39-19-4 = 0.094,4-39-12-11-19-4 = 0.344,4-18-36-32-7 = 0.5,4-18-36-19-4 = 0.172,4-18-21-25-35-7 = 0.328
0,0,672.528,0.0,672.528,0.0,Prune by CG,,7-26-7 = 0.347,7-28-34-15-7 = 0.5,10-21-25-23-7 = 0.153,10-21-32-10 = 0.847,10-18-36-10 = 0.847,10-25-35-24-7 = 0.569,7-22-28-23-7 = 0.417,7-27-38-37-7 = 0.861,7-27-38-25-35-7 = 0.139,7-26-23-24-7 = 0.431,7-22-34-15-7 = 0.5,10-30-40-20-11-35-7 = 0.167,10-18-36-32-10 = 0.153,10-12-31-29-20-35-7 = 0.083,10-30-17-40-33-20-7 = 0.292,10-30-17-33-12-11-10 = 0.125,10-39-16-19-10 = 1.0,10-30-12-31-29-20-7 = 0.417,7-17-33-20-11-35-7 = 0.042,7-22-28-26-7 = 0.083,7-26-37-25-10 = 0.139,7-14-13-29-10 = 0.5,7-14-13-31-12-10 = 0.375,7-14-13-31-11-10 = 0.125,7-17-40-33-11-10 = 0.542
0,0,632.824,0.0,632.824,0.0,Prune by CG,,8-16-8 = 1.0,7-26-7 = 1.0,9-39-9 = 1.0,7-34-15-23-7 = 0.25,7-28-34-15-7 = 0.25,7-28-34-15-20-8 = 0.1,7-22-28-23-7 = 0.55,7-22-28-30-12-8 = 0.05,7-27-38-37-7 = 1.0,7-28-17-40-31-8 = 0.05,7-22-34-15-7 = 0.4,7-25-35-24-7 = 0.7,7-23-24-11-8 = 0.2,8-14-13-29-8 = 1.0,8-31-12-33-24-7 = 0.1,8-30-17-40-33-20-8 = 0.4,8-30-17-40-12-31-8 = 0.05,9-18-21-19-9 = 0.2,9-18-21-25-35-7 = 0.3,8-31-12-11-19-9 = 0.8,9-30-17-40-33-20-8 = 0.5,5-21-36-32-5 = 0.5,5-18-36-32-5 = 0.5
0,0,638.436,0.0,638.436,0.0,Prune by CG,,7-26-7 = 0.987,7-34-15-23-7 = 0.256,7-28-34-15-7 = 0.372,10-21-25-23-7 = 0.103,10-21-32-10 = 0.897,10-36-32-10 = 0.103,10-18-36-10 = 0.897,7-22-28-23-7 = 0.628,7-27-38-37-7 = 1.0,7-26-23-24-7 = 0.013,7-22-34-15-7 = 0.372,7-25-35-24-7 = 0.897,7-17-33-20-11-35-7 = 0.103,3-14-13-29-3 = 0.679,3-13-40-31-29-3 = 0.321,4-39-12-11-19-4 = 0.436,4-39-16-19-4 = 0.385,4-39-12-31-16-4 = 0.179,4-30-17-40-33-20-7 = 0.179,4-30-17-33-20-11-10 = 0.205,3-14-31-16-4 = 0.321,4-12-11-24-7 = 0.077,4-12-33-20-24-7 = 0.013,3-31-12-11-19-4 = 0.179,7-30-17-40-33-20-3 = 0.372,4-30-17-40-33-20-3 = 0.128,10-18-30-12-16-4 = 0.103,4-30-17-12-16-4 = 0.013
0,0,679.789,0.0,679.789,0.0,Prune by CG,,10-21-37-25-10 = 0.333,10-27-38-37-10 = 0.333,10-21-38-25-10 = 0.667,10-18-36-32-10 = 1.0,9-14-13-29-9 = 0.667,9-14-13-31-12-9 = 0.333,9-39-16-9 = 0.333,9-39-19-9 = 0.667,9-40-17-33-11-9 = 0.333,9-31-29-16-9 = 0.333,9-30-40-31-16-9 = 0.333,9-30-17-24-35-10 = 0.667,9-12-33-24-35-10 = 0.333,10-22-28-23-10 = 0.333,10-22-26-37-10 = 0.333,10-22-34-15-20-9 = 0.333,9-28-34-15-20-9 = 0.667,9-40-33-12-19-9 = 0.333,10-27-26-23-11-9 = 0.667
0,0,639.096,0.0,639.096,0.0,Prune by CG,,7-26-7 = 1.0,7-38-21-25-7 = 0.055,7-28-34-15-7 = 0.403,7-22-28-23-7 = 0.403,7-27-38-37-7 = 0.945,7-37-25-23-7 = 0.055,7-22-34-15-7 = 0.597,7-25-35-24-7 = 0.39,7-23-24-35-7 = 0.11,7-23-24-11-9 = 0.432,7-28-40-33-12-9 = 0.178,9-39-16-9 = 0.085,9-12-33-20-24-7 = 0.068,7-17-40-20-11-9 = 0.178,9-39-19-9 = 0.212,9-30-40-31-16-9 = 0.195,9-30-17-40-33-20-9 = 0.364,9-30-17-40-31-12-9 = 0.051,9-30-17-33-20-11-9 = 0.39,9-18-36-32-7 = 0.237,9-18-36-19-9 = 0.055,9-18-21-19-9 = 0.208,7-27-21-32-7 = 0.055,9-36-32-19-9 = 0.525,9-18-21-25-35-7 = 0.5,7-21-36-32-7 = 0.182,7-28-17-40-31-3 = 0.017,3-14-13-29-3 = 0.983,3-13-40-31-29-3 = 0.017,9-39-12-31-16-9 = 0.703,3-14-31-16-9 = 0.017
0,0,678.165,0.0,678.165,0.0,Prune by CG,,8-16-8 = 1.0,2-34-2 = 1.0,9-39-9 = 1.0,8-14-13-29-8 = 0.867,8-14-40-31-8 = 0.133,8-13-40-31-29-8 = 0.133,8-30-17-40-33-20-8 = 0.017,8-30-17-40-12-31-8 = 0.083,2-15-23-24-20-8 = 0.25,2-28-40-33-12-8 = 0.25,9-18-36-32-9 = 0.667,9-36-32-19-9 = 0.333,8-31-12-11-19-9 = 0.3,2-22-28-15-2 = 0.75,2-22-27-26-23-2 = 0.25,8-30-17-24-20-8 = 0.383,8-40-33-12-19-9 = 0.367,8-30-17-38-26-6 = 0.5,6-26-37-23-2 = 0.25,8-40-17-33-11-8 = 0.017,8-31-33-24-20-8 = 0.35,9-21-25-35-11-8 = 0.667,9-18-21-25-35-9 = 0.333,6-27-38-37-6 = 0.5,6-27-37-23-2 = 0.25,8-30-24-11-8 = 0.017
0,0,677.935,0.0,677.935,0.0,Prune by CG,,2-34-2 = 1.0,10-21-38-25-10 = 1.0,10-18-36-32-10 = 1.0,2-15-23-24-35-10 = 0.25,3-14-13-29-3 = 0.519,10-30-17-40-33-20-3 = 0.5,3-13-40-31-29-3 = 0.442,4-39-12-11-19-4 = 0.558,4-39-16-19-4 = 0.404,4-39-12-31-16-4 = 0.038,4-30-17-24-35-10 = 0.173,2-22-28-15-2 = 0.75,10-27-26-37-35-10 = 0.5,3-14-31-16-4 = 0.481,4-12-33-11-19-4 = 0.038,4-30-17-40-33-20-3 = 0.058,3-13-31-12-16-4 = 0.038,3-29-16-4 = 0.038,4-30-17-33-20-11-4 = 0.269,10-27-37-23-2 = 0.5,2-22-28-26-6 = 0.25,6-26-23-24-10 = 0.25,4-12-11-24-10 = 0.135,4-12-20-24-35-10 = 0.058,4-12-33-20-24-10 = 0.115,4-12-33-24-35-10 = 0.019
0,0,685.393,0.0,685.393,0.0,Prune by CG,,8-16-8 = 0.309,2-34-2 = 1.0,8-14-13-29-8 = 0.846,8-14-40-31-8 = 0.154,8-13-40-31-29-8 = 0.154,8-30-17-40-33-20-8 = 0.382,5-18-36-32-5 = 1.0,8-31-12-11-19-4 = 0.382,8-40-33-12-19-4 = 0.309,4-39-19-4 = 0.154,4-39-16-8 = 0.691,4-39-12-11-19-4 = 0.154,2-22-28-15-2 = 0.669,8-30-17-24-20-8 = 0.206,8-30-17-38-26-6 = 0.147,6-26-37-23-2 = 0.529,2-22-28-26-6 = 0.324,5-27-37-23-2 = 0.14,5-27-37-25-5 = 0.272,2-15-23-24-35-5 = 0.331,8-12-35-24-20-8 = 0.154,2-28-38-21-5 = 0.007,5-21-25-35-11-8 = 0.463,5-27-38-21-5 = 0.522,8-30-17-38-25-5 = 0.265,8-31-33-24-35-5 = 0.051,8-31-33-24-20-8 = 0.257,2-22-27-21-5 = 0.007,5-27-38-37-6 = 0.059
0,0,681.484,0.0,681.484,0.0,Prune by CG,,2-34-2 = 1.0,10-36-10 = 0.167,10-21-32-10 = 0.167,10-27-37-25-10 = 0.167,10-27-38-37-10 = 0.167,10-36-32-10 = 0.833,10-21-38-25-10 = 0.833,2-15-23-24-35-10 = 0.333,3-14-13-29-3 = 1.0,2-26-23-24-10 = 0.333,2-22-26-37-10 = 0.167,2-22-28-15-2 = 0.667,2-22-27-26-23-2 = 0.167,10-27-26-37-35-10 = 0.333,10-30-17-24-35-10 = 0.333,3-31-12-11-19-10 = 1.0,10-18-39-16-3 = 1.0,10-27-37-23-2 = 0.167,10-30-17-40-33-20-2 = 0.667,2-28-40-33-20-2 = 0.333
0,0,638.481,0.0,638.481,0.0,Prune by CG,,8-16-8 = 1.0,7-26-7 = 1.0,9-39-9 = 1.0,7-38-21-25-7 = 0.143,7-28-34-15-7 = 0.286,7-28-34-15-20-8 = 0.143,7-22-28-23-7 = 0.286,7-22-28-30-12-8 = 0.143,7-27-38-37-7 = 0.857,7-37-25-23-7 = 0.143,7-28-17-40-31-8 = 0.143,7-22-34-15-7 = 0.571,7-25-35-24-7 = 0.286,7-23-24-11-8 = 0.286,7-23-24-35-7 = 0.286,8-14-13-29-8 = 1.0,8-31-12-33-24-7 = 0.143,8-30-17-40-33-20-8 = 0.714,9-18-36-32-7 = 0.143,9-18-36-32-9 = 0.286,9-18-36-19-9 = 0.143,7-27-21-32-7 = 0.143,9-36-32-19-9 = 0.143,9-18-21-25-35-7 = 0.429,7-21-36-32-7 = 0.286,8-31-12-11-19-9 = 0.714,9-30-17-40-33-20-8 = 0.143
0,0,651.393,0.0,651.393,0.0,Prune by CG,,7-26-7 = 0.45,7-28-34-15-7 = 0.5,10-21-25-23-7 = 0.087,10-21-32-10 = 0.825,10-18-36-10 = 0.825,7-22-28-23-7 = 0.5,7-27-25-24-7 = 0.037,7-27-38-37-7 = 0.862,7-27-38-25-35-7 = 0.1,7-26-23-24-7 = 0.413,10-21-38-25-10 = 0.037,7-22-34-15-7 = 0.5,7-25-35-24-7 = 0.55,10-18-36-32-10 = 0.175,7-17-33-20-11-35-7 = 0.35,7-30-17-40-33-20-7 = 0.6,10-21-25-19-4 = 0.05,4-39-12-11-19-4 = 0.65,7-26-37-25-10 = 0.138,4-39-16-19-4 = 0.3,4-39-12-31-16-4 = 0.05,4-14-13-29-4 = 0.7,4-14-13-31-12-4 = 0.3,4-31-29-16-4 = 0.3,4-30-40-31-16-4 = 0.35,4-30-17-40-33-20-7 = 0.05
0,0,637.808,0.0,637.808,0.0,Prune by CG,,7-26-7 = 1.0,10-36-10 = 1.0,10-21-32-10 = 1.0,7-22-28-23-7 = 1.0,7-27-38-37-7 = 1.0,7-25-35-24-7 = 1.0,2-34-15-2 = 1.0,7-30-17-40-33-20-7 = 1.0,3-14-13-29-3 = 1.0,3-31-12-11-19-10 = 1.0,10-18-39-16-3 = 1.0
0,0,635.723,0.0,635.723,0.0,Prune by CG,,7-26-7 = 1.0,7-38-21-25-7 = 0.027,7-22-28-23-7 = 0.872,7-27-38-37-7 = 0.973,7-37-25-23-7 = 0.027,7-25-35-24-7 = 0.806,7-23-24-35-7 = 0.054,2-34-15-2 = 1.0,7-23-24-11-9 = 0.047,7-28-40-33-12-9 = 0.128,7-22-40-33-12-9 = 0.128,9-12-33-20-24-7 = 0.093,7-17-40-20-11-9 = 0.302,7-17-40-33-11-9 = 0.047,9-39-19-9 = 0.349,9-39-16-19-9 = 0.047,9-30-40-31-16-9 = 0.349,9-30-17-40-31-12-9 = 0.047,9-30-17-33-20-11-9 = 0.605,9-18-36-32-7 = 0.419,9-18-36-19-9 = 0.027,9-18-21-19-9 = 0.415,7-27-21-32-7 = 0.027,9-36-32-19-9 = 0.163,9-18-21-25-35-7 = 0.14,7-21-36-32-7 = 0.391,3-14-13-29-3 = 1.0,9-39-12-31-16-9 = 0.605
0,0,657.61,0.0,657.61,0.0,Prune by CG,,8-16-8 = 0.036,7-26-7 = 0.643,7-38-25-19-8 = 0.036,7-38-21-25-7 = 0.214,7-28-34-15-7 = 0.429,7-22-28-23-7 = 0.25,7-22-28-30-12-8 = 0.179,7-27-38-37-7 = 0.714,7-26-23-24-7 = 0.071,7-38-17-33-12-8 = 0.036,7-28-17-40-31-8 = 0.143,7-22-34-15-7 = 0.393,7-22-34-15-20-8 = 0.179,7-25-35-24-7 = 0.429,7-23-24-11-8 = 0.25,7-23-24-35-7 = 0.143,8-39-16-8 = 0.964,8-14-13-29-8 = 1.0,8-31-12-11-19-8 = 0.75,8-31-33-24-35-7 = 0.107,8-30-17-40-33-20-8 = 0.821,7-26-37-23-7 = 0.286,7-27-21-32-7 = 0.143,7-21-36-32-7 = 0.321,8-18-21-25-35-7 = 0.321,8-18-36-32-7 = 0.536,8-40-33-12-19-8 = 0.036,7-27-18-36-19-8 = 0.143,8-39-19-8 = 0.036
0,0,663.936,0.0,663.936,0.0,Prune by CG,,8-16-8 = 1.0,2-34-2 = 1.0,9-39-9 = 0.5,10-21-38-25-10 = 1.0,10-18-36-32-10 = 1.0,8-14-13-29-8 = 0.917,8-14-40-31-8 = 0.083,8-13-40-31-29-8 = 0.083,9-39-12-11-19-9 = 0.5,8-31-12-11-19-9 = 0.5,9-30-17-40-33-20-8 = 0.833,2-22-28-15-2 = 1.0,8-31-33-24-35-10 = 0.167,8-31-20-24-35-10 = 0.167,10-27-26-37-35-10 = 0.5,10-27-37-23-2 = 0.5,2-26-23-24-9 = 0.5,9-30-17-24-35-10 = 0.167
0,0,668.221,0.0,668.221,0.0,Prune by CG,,2-34-2 = 1.0,10-21-32-10 = 0.059,10-18-36-10 = 0.059,10-21-38-25-10 = 0.941,10-18-36-32-10 = 0.941,10-25-24-11-9 = 0.059,9-14-13-29-9 = 0.235,9-14-13-31-12-9 = 0.235,9-39-19-9 = 0.412,9-39-16-19-9 = 0.235,9-31-29-16-9 = 0.765,9-30-17-40-33-20-9 = 0.176,9-30-17-33-20-11-9 = 0.529,9-39-12-11-19-9 = 0.353,2-28-40-33-12-9 = 0.294,9-14-13-40-15-2 = 0.529,2-22-26-37-10 = 0.265,2-22-28-23-2 = 0.235,2-22-28-15-2 = 0.471,2-22-27-26-23-2 = 0.029,10-27-26-37-35-10 = 0.353,10-27-37-23-2 = 0.382,2-26-23-24-9 = 0.353,9-30-17-24-35-10 = 0.294,9-12-20-24-35-10 = 0.118,10-27-35-24-20-9 = 0.176,10-27-38-35-11-9 = 0.059
0,0,681.838,0.0,681.838,0.0,Prune by CG,,2-34-2 = 1.0,9-14-13-29-9 = 0.333,9-14-13-31-12-9 = 0.333,9-39-16-9 = 0.333,9-39-12-33-20-11-9 = 0.333,9-39-19-9 = 0.333,9-31-29-16-9 = 0.667,9-30-17-33-20-11-9 = 0.333,2-28-40-33-12-9 = 0.333,9-14-13-40-15-2 = 0.333,9-18-36-32-5 = 1.0,2-26-37-23-2 = 0.667,2-22-28-15-2 = 0.667,2-22-27-26-23-2 = 0.333,9-40-20-24-9 = 0.333,5-27-38-37-5 = 0.333,5-21-38-25-5 = 0.333,9-30-17-24-35-9 = 0.667,5-21-25-19-9 = 0.667,5-27-38-35-11-9 = 0.333
0,0,671.738,0.0,671.738,0.0,Prune by CG,,8-16-8 = 0.25,2-34-2 = 1.0,10-21-32-10 = 0.25,10-18-39-19-10 = 0.25,10-27-38-40-31-8 = 0.25,10-25-24-11-8 = 0.25,10-36-35-24-20-8 = 0.25,10-21-38-25-10 = 0.75,8-39-16-8 = 0.75,10-18-36-32-10 = 0.75,8-14-13-29-8 = 1.0,8-31-12-11-19-10 = 0.75,8-30-17-40-33-20-8 = 0.75,2-15-23-24-35-10 = 0.25,2-26-37-23-2 = 0.25,2-22-28-15-2 = 0.25,2-22-28-33-12-8 = 0.25,2-22-28-26-15-2 = 0.5,10-27-26-37-35-10 = 0.25,8-30-17-24-35-10 = 0.25,10-27-37-23-2 = 0.5
0,0,636.721,0.0,636.721,0.0,Prune by CG,,7-26-7 = 1.0,7-34-15-23-7 = 0.155,7-28-34-15-7 = 0.28,7-22-28-23-7 = 0.436,7-27-38-37-7 = 1.0,7-22-34-15-7 = 0.564,7-25-35-24-7 = 0.352,7-23-24-35-7 = 0.295,7-23-24-11-9 = 0.114,7-28-40-33-12-9 = 0.193,9-12-33-20-24-7 = 0.239,7-17-40-20-11-9 = 0.193,9-39-19-9 = 0.25,9-39-16-19-9 = 0.33,9-30-40-31-16-9 = 0.284,9-30-17-40-31-12-9 = 0.148,9-30-17-33-20-11-9 = 0.568,9-39-12-11-19-9 = 0.125,7-28-17-40-31-3 = 0.091,3-14-13-29-3 = 0.909,3-13-40-31-29-3 = 0.091,9-39-12-31-16-9 = 0.295,3-14-31-16-9 = 0.091,5-21-36-32-5 = 0.352,5-18-21-25-35-7 = 0.352,9-18-36-32-5 = 0.648,5-21-25-19-9 = 0.295
0,0,640.885,0.0,640.885,0.0,Prune by CG,,8-16-8 = 0.046,7-26-7 = 1.0,7-38-21-25-7 = 0.033,7-22-28-23-7 = 0.962,7-22-28-30-12-8 = 0.025,7-27-38-37-7 = 0.8,7-37-24-7 = 0.2,7-28-17-40-31-8 = 0.013,7-25-35-24-7 = 0.637,7-23-24-11-8 = 0.037,7-22-17-40-31-8 = 0.012,8-39-19-11-8 = 0.021,8-39-12-11-19-8 = 0.025,8-39-16-8 = 0.954,8-14-13-29-8 = 1.0,8-30-17-24-35-7 = 0.033,8-31-12-11-19-8 = 0.917,8-31-12-33-24-7 = 0.033,8-31-33-20-24-7 = 0.025,8-40-20-24-7 = 0.033,8-30-17-40-33-20-8 = 0.942,2-34-15-2 = 1.0,7-38-21-36-5 = 0.167,5-21-36-32-5 = 0.2,5-18-36-32-5 = 0.6,5-18-21-36-5 = 0.033,5-18-21-19-8 = 0.037,5-18-21-25-35-7 = 0.329,7-27-21-32-5 = 0.2
0,0,648.918,0.0,648.918,0.0,Prune by CG,,7-26-7 = 0.5,10-36-10 = 1.0,7-28-34-15-7 = 0.5,10-21-32-10 = 1.0,7-22-28-23-7 = 0.5,7-27-38-37-7 = 0.75,7-27-38-25-35-7 = 0.25,7-26-23-24-7 = 0.25,7-22-34-15-7 = 0.5,7-25-35-24-7 = 0.5,7-23-24-35-7 = 0.25,10-30-17-40-33-20-7 = 0.25,7-30-17-40-33-20-7 = 0.75,3-14-13-29-3 = 1.0,7-26-37-25-10 = 0.25,3-31-12-11-19-10 = 1.0,10-18-39-16-3 = 1.0
0,0,686.322,0.0,686.322,0.0,Prune by CG,,2-34-2 = 1.0,10-21-32-10 = 0.25,10-27-37-25-10 = 0.25,10-27-38-37-10 = 0.25,10-18-36-10 = 0.25,10-21-38-25-10 = 0.75,10-18-36-32-10 = 0.75,2-15-23-24-35-10 = 0.143,4-39-12-11-19-4 = 0.786,2-14-13-40-15-2 = 0.357,4-39-16-19-4 = 0.214,4-14-13-29-4 = 0.214,4-14-13-31-12-4 = 0.214,4-31-29-16-4 = 0.786,2-26-23-24-10 = 0.5,2-22-28-23-2 = 0.357,2-22-28-15-2 = 0.286,2-22-28-33-20-2 = 0.357,10-27-26-37-35-10 = 0.5,10-30-17-24-35-10 = 0.357,4-14-13-40-15-2 = 0.214,10-30-17-40-33-20-2 = 0.429,10-30-17-33-20-11-4 = 0.214
0,0,643.931,0.0,643.931,0.0,Prune by CG,,8-16-8 = 0.36,7-26-7 = 1.0,7-28-34-15-7 = 0.5,7-22-28-23-7 = 0.5,7-27-38-37-7 = 0.8,7-37-24-7 = 0.04,7-37-25-23-7 = 0.16,7-22-34-15-7 = 0.5,7-25-35-24-7 = 0.44,7-23-24-11-8 = 0.18,7-23-24-35-7 = 0.16,8-39-12-11-19-8 = 0.18,8-39-16-8 = 0.64,8-14-13-29-8 = 1.0,8-31-12-11-19-8 = 0.64,8-31-33-20-24-7 = 0.18,8-30-17-40-33-20-8 = 0.82,8-30-17-40-12-31-8 = 0.18,8-39-19-8 = 0.18,7-38-21-36-5 = 0.2,5-21-36-32-5 = 0.2,5-18-36-32-5 = 0.6,5-18-21-25-35-7 = 0.4,7-27-21-32-5 = 0.2
0,0,684.049,0.0,684.049,0.0,Prune by CG,,2-34-2 = 1.0,9-14-13-29-9 = 0.389,9-14-13-31-12-9 = 0.389,9-39-19-9 = 0.333,9-39-16-19-9 = 0.389,9-31-29-16-9 = 0.611,9-30-40-20-11-9 = 0.056,9-30-17-40-33-20-9 = 0.556,9-30-17-33-20-11-9 = 0.111,9-39-12-11-19-9 = 0.278,2-28-40-33-12-9 = 0.111,9-14-13-40-15-2 = 0.222,9-18-36-32-5 = 1.0,2-22-28-23-2 = 0.083,2-22-28-15-2 = 0.611,2-22-27-26-23-2 = 0.167,6-26-37-23-2 = 0.25,2-22-28-26-6 = 0.139,2-28-17-40-20-9 = 0.056,2-15-23-24-35-9 = 0.167,9-12-33-20-24-9 = 0.222,6-26-23-24-9 = 0.333,6-26-37-25-5 = 0.111,5-27-37-25-5 = 0.083,5-21-38-25-5 = 0.25,5-27-38-21-5 = 0.194,9-30-17-24-35-9 = 0.278,5-27-38-37-6 = 0.556,5-21-25-35-11-9 = 0.556
0,0,687.727,0.0,687.727,0.0,Prune by CG,,8-16-8 = 1.0,10-21-37-25-10 = 0.5,10-21-32-10 = 0.25,10-27-37-25-10 = 0.25,10-27-38-37-10 = 0.25,10-27-38-23-35-10 = 0.5,10-18-36-10 = 0.25,10-21-38-25-10 = 0.25,10-18-36-32-10 = 0.75,8-14-13-29-8 = 0.917,8-14-40-31-8 = 0.083,8-30-17-40-31-8 = 0.5,8-13-40-31-29-8 = 0.083,8-30-17-40-33-20-8 = 0.333,4-39-12-11-19-4 = 1.0,8-31-33-24-35-10 = 0.333,8-30-17-24-35-10 = 0.167,6-26-23-24-10 = 0.5,8-28-34-15-33-8 = 0.333,8-28-34-15-20-8 = 0.167,10-22-34-15-20-8 = 0.5,10-22-28-26-6 = 0.5
0,0,660.84,0.0,660.84,0.0,Prune by CG,,7-26-7 = 0.347,7-28-34-15-7 = 0.5,10-21-25-23-7 = 0.153,10-21-32-10 = 0.847,10-18-36-10 = 0.847,10-25-35-24-7 = 0.569,7-22-28-23-7 = 0.417,7-27-38-37-7 = 0.861,7-27-38-25-35-7 = 0.139,7-26-23-24-7 = 0.431,7-22-34-15-7 = 0.5,10-30-40-20-11-35-7 = 0.167,10-18-36-32-10 = 0.153,10-12-31-29-20-35-7 = 0.083,10-30-17-40-33-20-7 = 0.292,10-30-17-33-12-11-10 = 0.125,10-39-16-19-10 = 1.0,10-30-12-31-29-20-7 = 0.417,7-17-33-20-11-35-7 = 0.042,7-22-28-26-7 = 0.083,7-26-37-25-10 = 0.139,7-14-13-29-10 = 0.5,7-14-13-31-12-10 = 0.375,7-14-13-31-11-10 = 0.125,7-17-40-33-11-10 = 0.542
0,0,644.017,0.0,644.017,0.0,Prune by CG,,8-16-8 = 0.36,7-26-7 = 1.0,7-28-34-15-7 = 0.5,7-22-28-23-7 = 0.5,7-27-38-37-7 = 0.8,7-37-24-7 = 0.04,7-37-25-23-7 = 0.16,7-22-34-15-7 = 0.5,7-25-35-24-7 = 0.44,7-23-24-11-8 = 0.18,7-23-24-35-7 = 0.16,8-14-13-29-8 = 1.0,8-31-33-20-24-7 = 0.18,8-30-17-40-33-20-8 = 0.82,8-30-17-40-12-31-8 = 0.18,7-38-21-36-5 = 0.2,5-21-36-32-5 = 0.2,5-18-36-32-5 = 0.6,5-18-21-25-35-7 = 0.4,7-27-21-32-5 = 0.2,8-31-12-11-19-4 = 0.64,4-39-19-4 = 0.18,4-39-16-8 = 0.64,4-39-12-11-19-4 = 0.18
0,0,686.909,0.0,686.909,0.0,Prune by CG,,2-34-2 = 1.0,10-36-10 = 0.3,10-21-32-10 = 0.3,10-27-37-25-10 = 0.3,10-27-38-37-10 = 0.3,10-36-32-10 = 0.7,10-21-38-25-10 = 0.7,2-15-23-24-35-10 = 0.467,3-14-13-29-3 = 1.0,10-30-17-40-33-20-3 = 0.133,2-22-28-23-2 = 0.133,2-22-28-15-2 = 0.533,10-27-26-37-35-10 = 0.333,10-30-17-24-35-10 = 0.133,3-31-12-11-19-10 = 0.933,10-18-39-16-3 = 1.0,10-27-37-23-2 = 0.067,2-22-28-26-6 = 0.333,3-40-33-12-19-10 = 0.067,6-26-23-24-10 = 0.333,3-31-20-24-35-10 = 0.067,10-30-17-40-33-20-2 = 0.733,3-40-33-20-11-10 = 0.067
0,0,705.439,0.0,705.439,0.0,Prune by CG,,2-34-2 = 1.0,8-39-12-31-16-8 = 1.0,8-14-13-29-8 = 1.0,8-30-17-40-33-20-8 = 1.0,2-26-37-23-2 = 0.2,2-26-24-11-8 = 0.4,2-22-28-15-2 = 0.8,2-28-38-26-15-2 = 0.2,2-22-27-26-23-2 = 0.2,2-23-24-11-8 = 0.6,8-18-21-25-35-2 = 1.0,2-27-38-37-2 = 0.8,8-36-32-19-8 = 1.0
0,0,693.009,0.0,693.009,0.0,Prune by CG,,8-16-8 = 0.685,2-34-2 = 0.91,8-39-12-11-19-8 = 0.528,8-39-16-8 = 0.315,8-14-13-29-8 = 0.848,8-14-40-31-8 = 0.152,8-31-12-11-19-8 = 0.011,8-13-40-31-29-8 = 0.152,8-30-17-40-33-20-8 = 0.202,2-34-15-2 = 0.09,2-28-17-40-31-8 = 0.18,8-40-33-12-19-8 = 0.303,8-39-19-8 = 0.157,5-18-36-32-5 = 1.0,2-26-37-23-2 = 0.64,2-22-28-15-2 = 0.82,2-22-27-26-23-2 = 0.18,8-30-17-24-20-8 = 0.169,8-30-35-24-20-8 = 0.18,5-27-37-23-2 = 0.18,5-27-26-37-15-2 = 0.09,5-27-38-40-31-8 = 0.011,2-26-37-25-5 = 0.09,8-12-35-24-20-8 = 0.157,5-21-25-35-11-8 = 0.461,5-27-38-21-5 = 0.539,8-30-17-38-25-5 = 0.449,8-31-33-24-35-5 = 0.202,8-31-33-24-20-8 = 0.292
0,0,664.592,0.0,664.592,0.0,Prune by CG,,8-16-8 = 1.0,2-34-2 = 1.0,9-39-9 = 0.5,10-21-38-25-10 = 1.0,10-18-36-32-10 = 1.0,8-14-13-29-8 = 0.917,8-14-40-31-8 = 0.083,8-13-40-31-29-8 = 0.083,9-39-12-11-19-9 = 0.5,8-31-12-11-19-9 = 0.5,9-30-17-40-33-20-8 = 0.833,2-22-28-15-2 = 1.0,8-31-33-24-35-10 = 0.167,8-31-20-24-35-10 = 0.167,10-27-26-37-35-10 = 0.5,10-27-37-23-2 = 0.5,2-26-23-24-9 = 0.5,9-30-17-24-35-10 = 0.167
0,0,684.939,0.0,684.939,0.0,Prune by CG,,8-16-8 = 0.104,10-21-37-25-10 = 0.333,10-21-37-23-10 = 0.083,10-27-38-37-10 = 0.417,10-21-38-25-10 = 0.583,10-18-36-32-10 = 1.0,8-14-13-29-8 = 1.0,8-30-17-40-31-8 = 0.333,8-31-12-11-19-4 = 0.417,8-40-33-12-19-4 = 0.479,4-39-19-4 = 0.104,4-39-16-8 = 0.896,8-31-33-24-35-10 = 0.25,8-30-17-24-35-10 = 0.667,10-27-26-23-11-8 = 0.583,8-28-34-15-33-8 = 0.167,8-28-34-15-20-8 = 0.542,10-25-23-24-10 = 0.083,10-22-34-15-20-8 = 0.167,8-22-28-40-8 = 0.188,8-22-28-33-12-8 = 0.104,10-22-26-37-10 = 0.167,10-22-26-23-35-10 = 0.083,10-22-26-23-20-8 = 0.167,8-22-34-15-20-8 = 0.125
0,0,672.695,0.0,672.695,0.0,Prune by CG,,2-34-2 = 1.0,10-21-32-10 = 0.059,10-18-36-10 = 0.059,10-21-38-25-10 = 0.941,10-18-36-32-10 = 0.941,10-25-24-11-9 = 0.059,9-14-13-29-9 = 0.235,9-14-13-31-12-9 = 0.235,9-39-19-9 = 0.412,9-39-16-19-9 = 0.235,9-31-29-16-9 = 0.765,9-30-17-40-33-20-9 = 0.176,9-30-17-33-20-11-9 = 0.529,9-39-12-11-19-9 = 0.353,2-28-40-33-12-9 = 0.294,9-14-13-40-15-2 = 0.529,2-22-26-37-10 = 0.265,2-22-28-23-2 = 0.235,2-22-28-15-2 = 0.471,2-22-27-26-23-2 = 0.029,10-27-26-37-35-10 = 0.353,10-27-37-23-2 = 0.382,2-26-23-24-9 = 0.353,9-30-17-24-35-10 = 0.294,9-12-20-24-35-10 = 0.118,10-27-35-24-20-9 = 0.176,10-27-38-35-11-9 = 0.059
0,0,691.466,0.0,691.466,0.0,Prune by CG,,8-16-8 = 0.5,10-21-37-25-10 = 1.0,10-27-38-40-31-8 = 0.5,10-27-38-23-35-10 = 0.5,8-39-16-8 = 0.5,10-18-36-32-10 = 1.0,8-14-13-29-8 = 1.0,8-31-12-11-19-10 = 0.5,8-30-17-40-33-20-8 = 0.5,8-39-12-11-19-10 = 0.5,8-30-17-24-35-10 = 0.5,6-26-23-24-8 = 0.5,8-28-34-15-33-8 = 0.5,10-22-34-15-20-8 = 0.5,10-22-28-26-6 = 0.5
0,0,683.942,0.0,683.942,0.0,Prune by CG,,8-16-8 = 1.0,2-34-2 = 0.5,9-39-9 = 1.0,8-14-13-29-8 = 1.0,8-30-17-40-33-20-8 = 0.5,2-34-15-2 = 0.5,2-28-17-40-31-8 = 0.5,9-18-36-32-9 = 0.5,9-36-32-19-9 = 0.5,8-31-12-11-19-9 = 0.5,2-26-37-23-2 = 0.5,2-22-28-15-2 = 0.5,2-22-27-26-23-2 = 0.5,8-12-33-24-20-8 = 0.5,9-21-25-35-11-8 = 0.5,9-18-21-25-35-9 = 0.5,8-30-38-24-9 = 0.5,9-27-38-37-2 = 0.5
0,0,684.374,0.0,684.374,0.0,Prune by CG,,8-16-8 = 0.062,10-21-37-25-10 = 0.25,10-21-37-23-8 = 0.125,10-27-38-37-10 = 0.375,10-21-38-25-10 = 0.625,8-39-16-8 = 0.938,10-18-36-32-10 = 1.0,8-14-13-29-8 = 1.0,8-39-19-10 = 0.062,8-30-17-40-31-8 = 0.25,8-31-12-11-19-10 = 0.625,8-40-33-12-19-10 = 0.312,8-30-17-40-33-20-8 = 0.125,8-31-33-24-35-10 = 0.125,10-27-26-37-35-10 = 0.25,8-30-17-24-35-10 = 0.625,10-27-26-23-11-8 = 0.375,8-28-34-15-33-8 = 0.375,8-28-34-15-20-8 = 0.25,10-22-34-15-20-8 = 0.375,10-22-28-40-8 = 0.312,10-26-23-24-8 = 0.125,10-22-26-23-20-8 = 0.25,10-22-28-33-12-8 = 0.062,10-25-23-24-8 = 0.125
0,0,684.257,0.0,684.257,0.0,Prune by CG,,2-34-2 = 1.0,9-39-19-9 = 0.022,9-39-16-19-9 = 0.652,9-30-40-31-16-9 = 0.066,9-30-17-40-33-20-9 = 0.15,9-30-17-40-31-12-9 = 0.088,9-30-17-33-20-11-9 = 0.263,9-39-12-11-19-9 = 0.326,2-28-40-33-12-9 = 0.066,3-14-13-29-3 = 0.718,3-13-40-31-29-3 = 0.282,3-14-31-16-9 = 0.282,9-18-36-32-5 = 1.0,2-26-37-23-2 = 0.746,2-22-28-15-2 = 0.868,2-22-27-26-23-2 = 0.132,2-26-23-24-9 = 0.019,2-28-17-40-20-9 = 0.066,2-15-23-24-35-9 = 0.028,9-12-33-20-24-9 = 0.52,5-27-37-23-2 = 0.075,5-27-37-25-5 = 0.075,5-27-26-37-15-2 = 0.103,5-21-38-25-5 = 0.386,5-27-38-21-5 = 0.204,5-27-38-25-35-9 = 0.129,9-30-17-24-35-9 = 0.433,5-21-25-35-11-9 = 0.411,5-27-38-40-31-3 = 0.282
0,0,639.972,0.0,639.972,0.0,Prune by CG,,7-26-7 = 1.0,7-28-34-15-7 = 0.5,10-21-25-19-10 = 0.4,10-21-25-35-11-8 = 0.1,10-21-32-10 = 0.5,10-18-39-16-8 = 0.4,10-36-32-10 = 0.4,10-18-36-10 = 0.5,10-25-35-24-7 = 0.1,7-22-28-23-7 = 0.5,7-27-38-37-7 = 1.0,7-22-34-15-7 = 0.5,7-25-35-24-7 = 0.4,7-23-24-11-8 = 0.1,7-23-24-35-7 = 0.4,8-39-16-8 = 0.6,10-18-36-32-10 = 0.1,8-14-13-29-8 = 1.0,8-31-12-11-19-10 = 0.6,8-31-12-33-20-11-8 = 0.2,8-30-17-40-33-20-8 = 0.8,8-30-17-40-12-31-8 = 0.2
0,0,688.989,0.0,688.989,0.0,Prune by CG,,8-16-8 = 0.062,10-21-37-25-10 = 0.25,10-21-37-23-8 = 0.125,10-27-38-37-10 = 0.375,10-21-38-25-10 = 0.625,8-39-16-8 = 0.938,10-18-36-32-10 = 1.0,8-14-13-29-8 = 1.0,8-39-19-10 = 0.062,8-30-17-40-31-8 = 0.25,8-31-12-11-19-10 = 0.625,8-40-33-12-19-10 = 0.313,8-30-17-40-33-20-8 = 0.125,8-31-33-24-35-10 = 0.125,10-27-26-37-35-10 = 0.25,8-30-17-24-35-10 = 0.625,10-27-26-23-11-8 = 0.375,8-28-34-15-33-8 = 0.375,8-28-34-15-20-8 = 0.25,10-22-34-15-20-8 = 0.375,10-22-28-40-8 = 0.312,10-26-23-24-8 = 0.125,10-22-26-23-20-8 = 0.25,10-22-28-33-12-8 = 0.062,10-25-23-24-8 = 0.125
0,0,698.322,0.0,698.322,0.0,Prune by CG,,8-16-8 = 0.773,2-34-2 = 0.818,8-14-13-29-8 = 0.727,8-14-40-31-8 = 0.273,8-13-40-31-29-8 = 0.273,2-34-15-2 = 0.182,8-40-33-12-19-4 = 0.136,4-39-16-8 = 0.227,4-39-12-11-19-4 = 0.591,4-18-36-32-4 = 0.545,4-18-21-25-35-8 = 0.455,2-26-37-23-2 = 0.784,2-22-28-15-2 = 0.818,2-22-27-26-23-2 = 0.102,8-30-17-24-20-8 = 0.455,8-12-33-24-20-8 = 0.182,4-36-32-19-4 = 0.273,8-40-17-33-11-8 = 0.318,8-31-12-25-35-11-8 = 0.091,8-30-17-38-23-2 = 0.114,8-30-17-38-26-2 = 0.114,8-31-33-24-20-8 = 0.364,2-22-27-37-2 = 0.08,8-30-38-37-2 = 0.136,2-28-27-21-39-4 = 0.182,8-30-38-21-36-4 = 0.182,2-27-21-32-4 = 0.182,8-27-38-25-35-8 = 0.455
0,0,670.503,0.0,670.503,0.0,Prune by CG,,7-26-7 = 1.0,2-34-2 = 0.727,10-21-32-10 = 0.864,10-21-38-25-7 = 0.091,10-18-36-10 = 0.864,7-22-28-23-7 = 0.909,7-27-25-24-7 = 0.091,7-27-38-37-7 = 0.909,7-37-25-23-7 = 0.091,7-25-35-24-7 = 0.727,10-18-36-32-10 = 0.136,7-22-28-15-2 = 0.091,2-34-15-2 = 0.273,10-30-17-33-11-35-7 = 0.045,10-30-17-33-12-11-10 = 0.182,10-39-16-19-10 = 1.0,10-30-12-31-29-20-7 = 0.364,7-17-33-20-11-35-7 = 0.227,7-30-12-31-29-20-7 = 0.364,2-14-13-29-2 = 0.182,2-14-13-31-11-10 = 0.182,2-14-13-40-15-2 = 0.636,7-17-40-33-11-10 = 0.364,7-17-33-24-7 = 0.182,10-21-12-31-29-2 = 0.045,7-30-12-31-29-20-2 = 0.045
0,0,671.07,0.0,671.07,0.0,Prune by CG,,2-34-2 = 1.0,10-21-32-10 = 0.089,10-18-36-10 = 0.025,10-21-38-25-10 = 0.911,10-18-36-32-10 = 0.911,2-15-23-24-35-10 = 0.161,10-25-24-11-9 = 0.089,10-18-36-19-9 = 0.064,9-39-16-19-9 = 0.5,9-30-40-31-16-9 = 0.186,9-30-17-40-33-20-9 = 0.288,9-30-17-33-20-11-9 = 0.449,9-39-12-11-19-9 = 0.436,9-17-40-20-11-9 = 0.025,2-28-17-40-31-3 = 0.161,3-14-13-29-3 = 0.75,3-13-40-31-29-3 = 0.25,9-39-12-31-16-9 = 0.064,3-14-31-16-9 = 0.25,2-22-26-37-10 = 0.121,2-22-26-23-35-10 = 0.008,2-22-28-15-2 = 0.428,2-22-28-26-15-2 = 0.411,2-22-27-26-23-2 = 0.032,10-27-26-37-35-10 = 0.254,10-27-37-23-2 = 0.625,2-26-23-24-9 = 0.174,9-30-17-24-35-10 = 0.076,9-12-20-24-35-10 = 0.237,9-12-33-24-35-10 = 0.263,10-27-38-40-31-3 = 0.089
0,0,671.726,0.0,671.726,0.0,Prune by CG,,2-34-2 = 1.0,10-21-32-10 = 0.089,10-18-36-10 = 0.025,10-21-38-25-10 = 0.911,10-18-36-32-10 = 0.911,2-15-23-24-35-10 = 0.161,10-25-24-11-9 = 0.089,10-18-36-19-9 = 0.064,9-39-16-19-9 = 0.5,9-30-40-31-16-9 = 0.186,9-30-17-40-33-20-9 = 0.288,9-30-17-33-20-11-9 = 0.449,9-39-12-11-19-9 = 0.436,9-17-40-20-11-9 = 0.025,2-28-17-40-31-3 = 0.161,3-14-13-29-3 = 0.75,3-13-40-31-29-3 = 0.25,9-39-12-31-16-9 = 0.064,3-14-31-16-9 = 0.25,2-22-26-37-10 = 0.121,2-22-26-23-35-10 = 0.008,2-22-28-15-2 = 0.428,2-22-28-26-15-2 = 0.411,2-22-27-26-23-2 = 0.032,10-27-26-37-35-10 = 0.254,10-27-37-23-2 = 0.625,2-26-23-24-9 = 0.174,9-30-17-24-35-10 = 0.076,9-12-20-24-35-10 = 0.237,9-12-33-24-35-10 = 0.263,10-27-38-40-31-3 = 0.089
